file_name,modality,vocal_channel,emotion,intensity,statement,repetition,actor
03-01-01-01-01-01-01.wav,03,01,neutral,normal,01,01,1
03-01-01-01-01-02-01.wav,03,01,neutral,normal,01,02,1
03-01-01-01-02-01-01.wav,03,01,neutral,normal,02,01,1
03-01-01-01-02-02-01.wav,03,01,neutral,normal,02,02,1
03-01-02-01-01-01-01.wav,03,01,calm,normal,01,01,1
03-01-02-01-01-02-01.wav,03,01,calm,normal,01,02,1
03-01-02-01-02-01-01.wav,03,01,calm,normal,02,01,1
03-01-02-01-02-02-01.wav,03,01,calm,normal,02,02,1
03-01-02-02-01-01-01.wav,03,01,calm,strong,01,01,1
03-01-02-02-01-02-01.wav,03,01,calm,strong,01,02,1
03-01-02-02-02-01-01.wav,03,01,calm,strong,02,01,1
03-01-02-02-02-02-01.wav,03,01,calm,strong,02,02,1
03-01-03-01-01-01-01.wav,03,01,happy,normal,01,01,1
03-01-03-01-01-02-01.wav,03,01,happy,normal,01,02,1
03-01-03-01-02-01-01.wav,03,01,happy,normal,02,01,1
03-01-03-01-02-02-01.wav,03,01,happy,normal,02,02,1
03-01-03-02-01-01-01.wav,03,01,happy,strong,01,01,1
03-01-03-02-01-02-01.wav,03,01,happy,strong,01,02,1
03-01-03-02-02-01-01.wav,03,01,happy,strong,02,01,1
03-01-03-02-02-02-01.wav,03,01,happy,strong,02,02,1
03-01-04-01-01-01-01.wav,03,01,sad,normal,01,01,1
03-01-04-01-01-02-01.wav,03,01,sad,normal,01,02,1
03-01-04-01-02-01-01.wav,03,01,sad,normal,02,01,1
03-01-04-01-02-02-01.wav,03,01,sad,normal,02,02,1
03-01-04-02-01-01-01.wav,03,01,sad,strong,01,01,1
03-01-04-02-01-02-01.wav,03,01,sad,strong,01,02,1
03-01-04-02-02-01-01.wav,03,01,sad,strong,02,01,1
03-01-04-02-02-02-01.wav,03,01,sad,strong,02,02,1
03-01-05-01-01-01-01.wav,03,01,angry,normal,01,01,1
03-01-05-01-01-02-01.wav,03,01,angry,normal,01,02,1
03-01-05-01-02-01-01.wav,03,01,angry,normal,02,01,1
03-01-05-01-02-02-01.wav,03,01,angry,normal,02,02,1
03-01-05-02-01-01-01.wav,03,01,angry,strong,01,01,1
03-01-05-02-01-02-01.wav,03,01,angry,strong,01,02,1
03-01-05-02-02-01-01.wav,03,01,angry,strong,02,01,1
03-01-05-02-02-02-01.wav,03,01,angry,strong,02,02,1
03-01-06-01-01-01-01.wav,03,01,fearful,normal,01,01,1
03-01-06-01-01-02-01.wav,03,01,fearful,normal,01,02,1
03-01-06-01-02-01-01.wav,03,01,fearful,normal,02,01,1
03-01-06-01-02-02-01.wav,03,01,fearful,normal,02,02,1
03-01-06-02-01-01-01.wav,03,01,fearful,strong,01,01,1
03-01-06-02-01-02-01.wav,03,01,fearful,strong,01,02,1
03-01-06-02-02-01-01.wav,03,01,fearful,strong,02,01,1
03-01-06-02-02-02-01.wav,03,01,fearful,strong,02,02,1
03-01-07-01-01-01-01.wav,03,01,disgust,normal,01,01,1
03-01-07-01-01-02-01.wav,03,01,disgust,normal,01,02,1
03-01-07-01-02-01-01.wav,03,01,disgust,normal,02,01,1
03-01-07-01-02-02-01.wav,03,01,disgust,normal,02,02,1
03-01-07-02-01-01-01.wav,03,01,disgust,strong,01,01,1
03-01-07-02-01-02-01.wav,03,01,disgust,strong,01,02,1
03-01-07-02-02-01-01.wav,03,01,disgust,strong,02,01,1
03-01-07-02-02-02-01.wav,03,01,disgust,strong,02,02,1
03-01-08-01-01-01-01.wav,03,01,surprised,normal,01,01,1
03-01-08-01-01-02-01.wav,03,01,surprised,normal,01,02,1
03-01-08-01-02-01-01.wav,03,01,surprised,normal,02,01,1
03-01-08-01-02-02-01.wav,03,01,surprised,normal,02,02,1
03-01-08-02-01-01-01.wav,03,01,surprised,strong,01,01,1
03-01-08-02-01-02-01.wav,03,01,surprised,strong,01,02,1
03-01-08-02-02-01-01.wav,03,01,surprised,strong,02,01,1
03-01-08-02-02-02-01.wav,03,01,surprised,strong,02,02,1
03-01-01-01-01-01-02.wav,03,01,neutral,normal,01,01,2
03-01-01-01-01-02-02.wav,03,01,neutral,normal,01,02,2
03-01-01-01-02-01-02.wav,03,01,neutral,normal,02,01,2
03-01-01-01-02-02-02.wav,03,01,neutral,normal,02,02,2
03-01-02-01-01-01-02.wav,03,01,calm,normal,01,01,2
03-01-02-01-01-02-02.wav,03,01,calm,normal,01,02,2
03-01-02-01-02-01-02.wav,03,01,calm,normal,02,01,2
03-01-02-01-02-02-02.wav,03,01,calm,normal,02,02,2
03-01-02-02-01-01-02.wav,03,01,calm,strong,01,01,2
03-01-02-02-01-02-02.wav,03,01,calm,strong,01,02,2
03-01-02-02-02-01-02.wav,03,01,calm,strong,02,01,2
03-01-02-02-02-02-02.wav,03,01,calm,strong,02,02,2
03-01-03-01-01-01-02.wav,03,01,happy,normal,01,01,2
03-01-03-01-01-02-02.wav,03,01,happy,normal,01,02,2
03-01-03-01-02-01-02.wav,03,01,happy,normal,02,01,2
03-01-03-01-02-02-02.wav,03,01,happy,normal,02,02,2
03-01-03-02-01-01-02.wav,03,01,happy,strong,01,01,2
03-01-03-02-01-02-02.wav,03,01,happy,strong,01,02,2
03-01-03-02-02-01-02.wav,03,01,happy,strong,02,01,2
03-01-03-02-02-02-02.wav,03,01,happy,strong,02,02,2
03-01-04-01-01-01-02.wav,03,01,sad,normal,01,01,2
03-01-04-01-01-02-02.wav,03,01,sad,normal,01,02,2
03-01-04-01-02-01-02.wav,03,01,sad,normal,02,01,2
03-01-04-01-02-02-02.wav,03,01,sad,normal,02,02,2
03-01-04-02-01-01-02.wav,03,01,sad,strong,01,01,2
03-01-04-02-01-02-02.wav,03,01,sad,strong,01,02,2
03-01-04-02-02-01-02.wav,03,01,sad,strong,02,01,2
03-01-04-02-02-02-02.wav,03,01,sad,strong,02,02,2
03-01-05-01-01-01-02.wav,03,01,angry,normal,01,01,2
03-01-05-01-01-02-02.wav,03,01,angry,normal,01,02,2
03-01-05-01-02-01-02.wav,03,01,angry,normal,02,01,2
03-01-05-01-02-02-02.wav,03,01,angry,normal,02,02,2
03-01-05-02-01-01-02.wav,03,01,angry,strong,01,01,2
03-01-05-02-01-02-02.wav,03,01,angry,strong,01,02,2
03-01-05-02-02-01-02.wav,03,01,angry,strong,02,01,2
03-01-05-02-02-02-02.wav,03,01,angry,strong,02,02,2
03-01-06-01-01-01-02.wav,03,01,fearful,normal,01,01,2
03-01-06-01-01-02-02.wav,03,01,fearful,normal,01,02,2
03-01-06-01-02-01-02.wav,03,01,fearful,normal,02,01,2
03-01-06-01-02-02-02.wav,03,01,fearful,normal,02,02,2
03-01-06-02-01-01-02.wav,03,01,fearful,strong,01,01,2
03-01-06-02-01-02-02.wav,03,01,fearful,strong,01,02,2
03-01-06-02-02-01-02.wav,03,01,fearful,strong,02,01,2
03-01-06-02-02-02-02.wav,03,01,fearful,strong,02,02,2
03-01-07-01-01-01-02.wav,03,01,disgust,normal,01,01,2
03-01-07-01-01-02-02.wav,03,01,disgust,normal,01,02,2
03-01-07-01-02-01-02.wav,03,01,disgust,normal,02,01,2
03-01-07-01-02-02-02.wav,03,01,disgust,normal,02,02,2
03-01-07-02-01-01-02.wav,03,01,disgust,strong,01,01,2
03-01-07-02-01-02-02.wav,03,01,disgust,strong,01,02,2
03-01-07-02-02-01-02.wav,03,01,disgust,strong,02,01,2
03-01-07-02-02-02-02.wav,03,01,disgust,strong,02,02,2
03-01-08-01-01-01-02.wav,03,01,surprised,normal,01,01,2
03-01-08-01-01-02-02.wav,03,01,surprised,normal,01,02,2
03-01-08-01-02-01-02.wav,03,01,surprised,normal,02,01,2
03-01-08-01-02-02-02.wav,03,01,surprised,normal,02,02,2
03-01-08-02-01-01-02.wav,03,01,surprised,strong,01,01,2
03-01-08-02-01-02-02.wav,03,01,surprised,strong,01,02,2
03-01-08-02-02-01-02.wav,03,01,surprised,strong,02,01,2
03-01-08-02-02-02-02.wav,03,01,surprised,strong,02,02,2
03-01-01-01-01-01-03.wav,03,01,neutral,normal,01,01,3
03-01-01-01-01-02-03.wav,03,01,neutral,normal,01,02,3
03-01-01-01-02-01-03.wav,03,01,neutral,normal,02,01,3
03-01-01-01-02-02-03.wav,03,01,neutral,normal,02,02,3
03-01-02-01-01-01-03.wav,03,01,calm,normal,01,01,3
03-01-02-01-01-02-03.wav,03,01,calm,normal,01,02,3
03-01-02-01-02-01-03.wav,03,01,calm,normal,02,01,3
03-01-02-01-02-02-03.wav,03,01,calm,normal,02,02,3
03-01-02-02-01-01-03.wav,03,01,calm,strong,01,01,3
03-01-02-02-01-02-03.wav,03,01,calm,strong,01,02,3
03-01-02-02-02-01-03.wav,03,01,calm,strong,02,01,3
03-01-02-02-02-02-03.wav,03,01,calm,strong,02,02,3
03-01-03-01-01-01-03.wav,03,01,happy,normal,01,01,3
03-01-03-01-01-02-03.wav,03,01,happy,normal,01,02,3
03-01-03-01-02-01-03.wav,03,01,happy,normal,02,01,3
03-01-03-01-02-02-03.wav,03,01,happy,normal,02,02,3
03-01-03-02-01-01-03.wav,03,01,happy,strong,01,01,3
03-01-03-02-01-02-03.wav,03,01,happy,strong,01,02,3
03-01-03-02-02-01-03.wav,03,01,happy,strong,02,01,3
03-01-03-02-02-02-03.wav,03,01,happy,strong,02,02,3
03-01-04-01-01-01-03.wav,03,01,sad,normal,01,01,3
03-01-04-01-01-02-03.wav,03,01,sad,normal,01,02,3
03-01-04-01-02-01-03.wav,03,01,sad,normal,02,01,3
03-01-04-01-02-02-03.wav,03,01,sad,normal,02,02,3
03-01-04-02-01-01-03.wav,03,01,sad,strong,01,01,3
03-01-04-02-01-02-03.wav,03,01,sad,strong,01,02,3
03-01-04-02-02-01-03.wav,03,01,sad,strong,02,01,3
03-01-04-02-02-02-03.wav,03,01,sad,strong,02,02,3
03-01-05-01-01-01-03.wav,03,01,angry,normal,01,01,3
03-01-05-01-01-02-03.wav,03,01,angry,normal,01,02,3
03-01-05-01-02-01-03.wav,03,01,angry,normal,02,01,3
03-01-05-01-02-02-03.wav,03,01,angry,normal,02,02,3
03-01-05-02-01-01-03.wav,03,01,angry,strong,01,01,3
03-01-05-02-01-02-03.wav,03,01,angry,strong,01,02,3
03-01-05-02-02-01-03.wav,03,01,angry,strong,02,01,3
03-01-05-02-02-02-03.wav,03,01,angry,strong,02,02,3
03-01-06-01-01-01-03.wav,03,01,fearful,normal,01,01,3
03-01-06-01-01-02-03.wav,03,01,fearful,normal,01,02,3
03-01-06-01-02-01-03.wav,03,01,fearful,normal,02,01,3
03-01-06-01-02-02-03.wav,03,01,fearful,normal,02,02,3
03-01-06-02-01-01-03.wav,03,01,fearful,strong,01,01,3
03-01-06-02-01-02-03.wav,03,01,fearful,strong,01,02,3
03-01-06-02-02-01-03.wav,03,01,fearful,strong,02,01,3
03-01-06-02-02-02-03.wav,03,01,fearful,strong,02,02,3
03-01-07-01-01-01-03.wav,03,01,disgust,normal,01,01,3
03-01-07-01-01-02-03.wav,03,01,disgust,normal,01,02,3
03-01-07-01-02-01-03.wav,03,01,disgust,normal,02,01,3
03-01-07-01-02-02-03.wav,03,01,disgust,normal,02,02,3
03-01-07-02-01-01-03.wav,03,01,disgust,strong,01,01,3
03-01-07-02-01-02-03.wav,03,01,disgust,strong,01,02,3
03-01-07-02-02-01-03.wav,03,01,disgust,strong,02,01,3
03-01-07-02-02-02-03.wav,03,01,disgust,strong,02,02,3
03-01-08-01-01-01-03.wav,03,01,surprised,normal,01,01,3
03-01-08-01-01-02-03.wav,03,01,surprised,normal,01,02,3
03-01-08-01-02-01-03.wav,03,01,surprised,normal,02,01,3
03-01-08-01-02-02-03.wav,03,01,surprised,normal,02,02,3
03-01-08-02-01-01-03.wav,03,01,surprised,strong,01,01,3
03-01-08-02-01-02-03.wav,03,01,surprised,strong,01,02,3
03-01-08-02-02-01-03.wav,03,01,surprised,strong,02,01,3
03-01-08-02-02-02-03.wav,03,01,surprised,strong,02,02,3
03-01-01-01-01-01-04.wav,03,01,neutral,normal,01,01,4
03-01-01-01-01-02-04.wav,03,01,neutral,normal,01,02,4
03-01-01-01-02-01-04.wav,03,01,neutral,normal,02,01,4
03-01-01-01-02-02-04.wav,03,01,neutral,normal,02,02,4
03-01-02-01-01-01-04.wav,03,01,calm,normal,01,01,4
03-01-02-01-01-02-04.wav,03,01,calm,normal,01,02,4
03-01-02-01-02-01-04.wav,03,01,calm,normal,02,01,4
03-01-02-01-02-02-04.wav,03,01,calm,normal,02,02,4
03-01-02-02-01-01-04.wav,03,01,calm,strong,01,01,4
03-01-02-02-01-02-04.wav,03,01,calm,strong,01,02,4
03-01-02-02-02-01-04.wav,03,01,calm,strong,02,01,4
03-01-02-02-02-02-04.wav,03,01,calm,strong,02,02,4
03-01-03-01-01-01-04.wav,03,01,happy,normal,01,01,4
03-01-03-01-01-02-04.wav,03,01,happy,normal,01,02,4
03-01-03-01-02-01-04.wav,03,01,happy,normal,02,01,4
03-01-03-01-02-02-04.wav,03,01,happy,normal,02,02,4
03-01-03-02-01-01-04.wav,03,01,happy,strong,01,01,4
03-01-03-02-01-02-04.wav,03,01,happy,strong,01,02,4
03-01-03-02-02-01-04.wav,03,01,happy,strong,02,01,4
03-01-03-02-02-02-04.wav,03,01,happy,strong,02,02,4
03-01-04-01-01-01-04.wav,03,01,sad,normal,01,01,4
03-01-04-01-01-02-04.wav,03,01,sad,normal,01,02,4
03-01-04-01-02-01-04.wav,03,01,sad,normal,02,01,4
03-01-04-01-02-02-04.wav,03,01,sad,normal,02,02,4
03-01-04-02-01-01-04.wav,03,01,sad,strong,01,01,4
03-01-04-02-01-02-04.wav,03,01,sad,strong,01,02,4
03-01-04-02-02-01-04.wav,03,01,sad,strong,02,01,4
03-01-04-02-02-02-04.wav,03,01,sad,strong,02,02,4
03-01-05-01-01-01-04.wav,03,01,angry,normal,01,01,4
03-01-05-01-01-02-04.wav,03,01,angry,normal,01,02,4
03-01-05-01-02-01-04.wav,03,01,angry,normal,02,01,4
03-01-05-01-02-02-04.wav,03,01,angry,normal,02,02,4
03-01-05-02-01-01-04.wav,03,01,angry,strong,01,01,4
03-01-05-02-01-02-04.wav,03,01,angry,strong,01,02,4
03-01-05-02-02-01-04.wav,03,01,angry,strong,02,01,4
03-01-05-02-02-02-04.wav,03,01,angry,strong,02,02,4
03-01-06-01-01-01-04.wav,03,01,fearful,normal,01,01,4
03-01-06-01-01-02-04.wav,03,01,fearful,normal,01,02,4
03-01-06-01-02-01-04.wav,03,01,fearful,normal,02,01,4
03-01-06-01-02-02-04.wav,03,01,fearful,normal,02,02,4
03-01-06-02-01-01-04.wav,03,01,fearful,strong,01,01,4
03-01-06-02-01-02-04.wav,03,01,fearful,strong,01,02,4
03-01-06-02-02-01-04.wav,03,01,fearful,strong,02,01,4
03-01-06-02-02-02-04.wav,03,01,fearful,strong,02,02,4
03-01-07-01-01-01-04.wav,03,01,disgust,normal,01,01,4
03-01-07-01-01-02-04.wav,03,01,disgust,normal,01,02,4
03-01-07-01-02-01-04.wav,03,01,disgust,normal,02,01,4
03-01-07-01-02-02-04.wav,03,01,disgust,normal,02,02,4
03-01-07-02-01-01-04.wav,03,01,disgust,strong,01,01,4
03-01-07-02-01-02-04.wav,03,01,disgust,strong,01,02,4
03-01-07-02-02-01-04.wav,03,01,disgust,strong,02,01,4
03-01-07-02-02-02-04.wav,03,01,disgust,strong,02,02,4
03-01-08-01-01-01-04.wav,03,01,surprised,normal,01,01,4
03-01-08-01-01-02-04.wav,03,01,surprised,normal,01,02,4
03-01-08-01-02-01-04.wav,03,01,surprised,normal,02,01,4
03-01-08-01-02-02-04.wav,03,01,surprised,normal,02,02,4
03-01-08-02-01-01-04.wav,03,01,surprised,strong,01,01,4
03-01-08-02-01-02-04.wav,03,01,surprised,strong,01,02,4
03-01-08-02-02-01-04.wav,03,01,surprised,strong,02,01,4
03-01-08-02-02-02-04.wav,03,01,surprised,strong,02,02,4
03-01-01-01-01-01-05.wav,03,01,neutral,normal,01,01,5
03-01-01-01-01-02-05.wav,03,01,neutral,normal,01,02,5
03-01-01-01-02-01-05.wav,03,01,neutral,normal,02,01,5
03-01-01-01-02-02-05.wav,03,01,neutral,normal,02,02,5
03-01-02-01-01-01-05.wav,03,01,calm,normal,01,01,5
03-01-02-01-01-02-05.wav,03,01,calm,normal,01,02,5
03-01-02-01-02-01-05.wav,03,01,calm,normal,02,01,5
03-01-02-01-02-02-05.wav,03,01,calm,normal,02,02,5
03-01-02-02-01-01-05.wav,03,01,calm,strong,01,01,5
03-01-02-02-01-02-05.wav,03,01,calm,strong,01,02,5
03-01-02-02-02-01-05.wav,03,01,calm,strong,02,01,5
03-01-02-02-02-02-05.wav,03,01,calm,strong,02,02,5
03-01-03-01-01-01-05.wav,03,01,happy,normal,01,01,5
03-01-03-01-01-02-05.wav,03,01,happy,normal,01,02,5
03-01-03-01-02-01-05.wav,03,01,happy,normal,02,01,5
03-01-03-01-02-02-05.wav,03,01,happy,normal,02,02,5
03-01-03-02-01-01-05.wav,03,01,happy,strong,01,01,5
03-01-03-02-01-02-05.wav,03,01,happy,strong,01,02,5
03-01-03-02-02-01-05.wav,03,01,happy,strong,02,01,5
03-01-03-02-02-02-05.wav,03,01,happy,strong,02,02,5
03-01-04-01-01-01-05.wav,03,01,sad,normal,01,01,5
03-01-04-01-01-02-05.wav,03,01,sad,normal,01,02,5
03-01-04-01-02-01-05.wav,03,01,sad,normal,02,01,5
03-01-04-01-02-02-05.wav,03,01,sad,normal,02,02,5
03-01-04-02-01-01-05.wav,03,01,sad,strong,01,01,5
03-01-04-02-01-02-05.wav,03,01,sad,strong,01,02,5
03-01-04-02-02-01-05.wav,03,01,sad,strong,02,01,5
03-01-04-02-02-02-05.wav,03,01,sad,strong,02,02,5
03-01-05-01-01-01-05.wav,03,01,angry,normal,01,01,5
03-01-05-01-01-02-05.wav,03,01,angry,normal,01,02,5
03-01-05-01-02-01-05.wav,03,01,angry,normal,02,01,5
03-01-05-01-02-02-05.wav,03,01,angry,normal,02,02,5
03-01-05-02-01-01-05.wav,03,01,angry,strong,01,01,5
03-01-05-02-01-02-05.wav,03,01,angry,strong,01,02,5
03-01-05-02-02-01-05.wav,03,01,angry,strong,02,01,5
03-01-05-02-02-02-05.wav,03,01,angry,strong,02,02,5
03-01-06-01-01-01-05.wav,03,01,fearful,normal,01,01,5
03-01-06-01-01-02-05.wav,03,01,fearful,normal,01,02,5
03-01-06-01-02-01-05.wav,03,01,fearful,normal,02,01,5
03-01-06-01-02-02-05.wav,03,01,fearful,normal,02,02,5
03-01-06-02-01-01-05.wav,03,01,fearful,strong,01,01,5
03-01-06-02-01-02-05.wav,03,01,fearful,strong,01,02,5
03-01-06-02-02-01-05.wav,03,01,fearful,strong,02,01,5
03-01-06-02-02-02-05.wav,03,01,fearful,strong,02,02,5
03-01-07-01-01-01-05.wav,03,01,disgust,normal,01,01,5
03-01-07-01-01-02-05.wav,03,01,disgust,normal,01,02,5
03-01-07-01-02-01-05.wav,03,01,disgust,normal,02,01,5
03-01-07-01-02-02-05.wav,03,01,disgust,normal,02,02,5
03-01-07-02-01-01-05.wav,03,01,disgust,strong,01,01,5
03-01-07-02-01-02-05.wav,03,01,disgust,strong,01,02,5
03-01-07-02-02-01-05.wav,03,01,disgust,strong,02,01,5
03-01-07-02-02-02-05.wav,03,01,disgust,strong,02,02,5
03-01-08-01-01-01-05.wav,03,01,surprised,normal,01,01,5
03-01-08-01-01-02-05.wav,03,01,surprised,normal,01,02,5
03-01-08-01-02-01-05.wav,03,01,surprised,normal,02,01,5
03-01-08-01-02-02-05.wav,03,01,surprised,normal,02,02,5
03-01-08-02-01-01-05.wav,03,01,surprised,strong,01,01,5
03-01-08-02-01-02-05.wav,03,01,surprised,strong,01,02,5
03-01-08-02-02-01-05.wav,03,01,surprised,strong,02,01,5
03-01-08-02-02-02-05.wav,03,01,surprised,strong,02,02,5
03-01-01-01-01-01-06.wav,03,01,neutral,normal,01,01,6
03-01-01-01-01-02-06.wav,03,01,neutral,normal,01,02,6
03-01-01-01-02-01-06.wav,03,01,neutral,normal,02,01,6
03-01-01-01-02-02-06.wav,03,01,neutral,normal,02,02,6
03-01-02-01-01-01-06.wav,03,01,calm,normal,01,01,6
03-01-02-01-01-02-06.wav,03,01,calm,normal,01,02,6
03-01-02-01-02-01-06.wav,03,01,calm,normal,02,01,6
03-01-02-01-02-02-06.wav,03,01,calm,normal,02,02,6
03-01-02-02-01-01-06.wav,03,01,calm,strong,01,01,6
03-01-02-02-01-02-06.wav,03,01,calm,strong,01,02,6
03-01-02-02-02-01-06.wav,03,01,calm,strong,02,01,6
03-01-02-02-02-02-06.wav,03,01,calm,strong,02,02,6
03-01-03-01-01-01-06.wav,03,01,happy,normal,01,01,6
03-01-03-01-01-02-06.wav,03,01,happy,normal,01,02,6
03-01-03-01-02-01-06.wav,03,01,happy,normal,02,01,6
03-01-03-01-02-02-06.wav,03,01,happy,normal,02,02,6
03-01-03-02-01-01-06.wav,03,01,happy,strong,01,01,6
03-01-03-02-01-02-06.wav,03,01,happy,strong,01,02,6
03-01-03-02-02-01-06.wav,03,01,happy,strong,02,01,6
03-01-03-02-02-02-06.wav,03,01,happy,strong,02,02,6
03-01-04-01-01-01-06.wav,03,01,sad,normal,01,01,6
03-01-04-01-01-02-06.wav,03,01,sad,normal,01,02,6
03-01-04-01-02-01-06.wav,03,01,sad,normal,02,01,6
03-01-04-01-02-02-06.wav,03,01,sad,normal,02,02,6
03-01-04-02-01-01-06.wav,03,01,sad,strong,01,01,6
03-01-04-02-01-02-06.wav,03,01,sad,strong,01,02,6
03-01-04-02-02-01-06.wav,03,01,sad,strong,02,01,6
03-01-04-02-02-02-06.wav,03,01,sad,strong,02,02,6
03-01-05-01-01-01-06.wav,03,01,angry,normal,01,01,6
03-01-05-01-01-02-06.wav,03,01,angry,normal,01,02,6
03-01-05-01-02-01-06.wav,03,01,angry,normal,02,01,6
03-01-05-01-02-02-06.wav,03,01,angry,normal,02,02,6
03-01-05-02-01-01-06.wav,03,01,angry,strong,01,01,6
03-01-05-02-01-02-06.wav,03,01,angry,strong,01,02,6
03-01-05-02-02-01-06.wav,03,01,angry,strong,02,01,6
03-01-05-02-02-02-06.wav,03,01,angry,strong,02,02,6
03-01-06-01-01-01-06.wav,03,01,fearful,normal,01,01,6
03-01-06-01-01-02-06.wav,03,01,fearful,normal,01,02,6
03-01-06-01-02-01-06.wav,03,01,fearful,normal,02,01,6
03-01-06-01-02-02-06.wav,03,01,fearful,normal,02,02,6
03-01-06-02-01-01-06.wav,03,01,fearful,strong,01,01,6
03-01-06-02-01-02-06.wav,03,01,fearful,strong,01,02,6
03-01-06-02-02-01-06.wav,03,01,fearful,strong,02,01,6
03-01-06-02-02-02-06.wav,03,01,fearful,strong,02,02,6
03-01-07-01-01-01-06.wav,03,01,disgust,normal,01,01,6
03-01-07-01-01-02-06.wav,03,01,disgust,normal,01,02,6
03-01-07-01-02-01-06.wav,03,01,disgust,normal,02,01,6
03-01-07-01-02-02-06.wav,03,01,disgust,normal,02,02,6
03-01-07-02-01-01-06.wav,03,01,disgust,strong,01,01,6
03-01-07-02-01-02-06.wav,03,01,disgust,strong,01,02,6
03-01-07-02-02-01-06.wav,03,01,disgust,strong,02,01,6
03-01-07-02-02-02-06.wav,03,01,disgust,strong,02,02,6
03-01-08-01-01-01-06.wav,03,01,surprised,normal,01,01,6
03-01-08-01-01-02-06.wav,03,01,surprised,normal,01,02,6
03-01-08-01-02-01-06.wav,03,01,surprised,normal,02,01,6
03-01-08-01-02-02-06.wav,03,01,surprised,normal,02,02,6
03-01-08-02-01-01-06.wav,03,01,surprised,strong,01,01,6
03-01-08-02-01-02-06.wav,03,01,surprised,strong,01,02,6
03-01-08-02-02-01-06.wav,03,01,surprised,strong,02,01,6
03-01-08-02-02-02-06.wav,03,01,surprised,strong,02,02,6
03-01-01-01-01-01-07.wav,03,01,neutral,normal,01,01,7
03-01-01-01-01-02-07.wav,03,01,neutral,normal,01,02,7
03-01-01-01-02-01-07.wav,03,01,neutral,normal,02,01,7
03-01-01-01-02-02-07.wav,03,01,neutral,normal,02,02,7
03-01-02-01-01-01-07.wav,03,01,calm,normal,01,01,7
03-01-02-01-01-02-07.wav,03,01,calm,normal,01,02,7
03-01-02-01-02-01-07.wav,03,01,calm,normal,02,01,7
03-01-02-01-02-02-07.wav,03,01,calm,normal,02,02,7
03-01-02-02-01-01-07.wav,03,01,calm,strong,01,01,7
03-01-02-02-01-02-07.wav,03,01,calm,strong,01,02,7
03-01-02-02-02-01-07.wav,03,01,calm,strong,02,01,7
03-01-02-02-02-02-07.wav,03,01,calm,strong,02,02,7
03-01-03-01-01-01-07.wav,03,01,happy,normal,01,01,7
03-01-03-01-01-02-07.wav,03,01,happy,normal,01,02,7
03-01-03-01-02-01-07.wav,03,01,happy,normal,02,01,7
03-01-03-01-02-02-07.wav,03,01,happy,normal,02,02,7
03-01-03-02-01-01-07.wav,03,01,happy,strong,01,01,7
03-01-03-02-01-02-07.wav,03,01,happy,strong,01,02,7
03-01-03-02-02-01-07.wav,03,01,happy,strong,02,01,7
03-01-03-02-02-02-07.wav,03,01,happy,strong,02,02,7
03-01-04-01-01-01-07.wav,03,01,sad,normal,01,01,7
03-01-04-01-01-02-07.wav,03,01,sad,normal,01,02,7
03-01-04-01-02-01-07.wav,03,01,sad,normal,02,01,7
03-01-04-01-02-02-07.wav,03,01,sad,normal,02,02,7
03-01-04-02-01-01-07.wav,03,01,sad,strong,01,01,7
03-01-04-02-01-02-07.wav,03,01,sad,strong,01,02,7
03-01-04-02-02-01-07.wav,03,01,sad,strong,02,01,7
03-01-04-02-02-02-07.wav,03,01,sad,strong,02,02,7
03-01-05-01-01-01-07.wav,03,01,angry,normal,01,01,7
03-01-05-01-01-02-07.wav,03,01,angry,normal,01,02,7
03-01-05-01-02-01-07.wav,03,01,angry,normal,02,01,7
03-01-05-01-02-02-07.wav,03,01,angry,normal,02,02,7
03-01-05-02-01-01-07.wav,03,01,angry,strong,01,01,7
03-01-05-02-01-02-07.wav,03,01,angry,strong,01,02,7
03-01-05-02-02-01-07.wav,03,01,angry,strong,02,01,7
03-01-05-02-02-02-07.wav,03,01,angry,strong,02,02,7
03-01-06-01-01-01-07.wav,03,01,fearful,normal,01,01,7
03-01-06-01-01-02-07.wav,03,01,fearful,normal,01,02,7
03-01-06-01-02-01-07.wav,03,01,fearful,normal,02,01,7
03-01-06-01-02-02-07.wav,03,01,fearful,normal,02,02,7
03-01-06-02-01-01-07.wav,03,01,fearful,strong,01,01,7
03-01-06-02-01-02-07.wav,03,01,fearful,strong,01,02,7
03-01-06-02-02-01-07.wav,03,01,fearful,strong,02,01,7
03-01-06-02-02-02-07.wav,03,01,fearful,strong,02,02,7
03-01-07-01-01-01-07.wav,03,01,disgust,normal,01,01,7
03-01-07-01-01-02-07.wav,03,01,disgust,normal,01,02,7
03-01-07-01-02-01-07.wav,03,01,disgust,normal,02,01,7
03-01-07-01-02-02-07.wav,03,01,disgust,normal,02,02,7
03-01-07-02-01-01-07.wav,03,01,disgust,strong,01,01,7
03-01-07-02-01-02-07.wav,03,01,disgust,strong,01,02,7
03-01-07-02-02-01-07.wav,03,01,disgust,strong,02,01,7
03-01-07-02-02-02-07.wav,03,01,disgust,strong,02,02,7
03-01-08-01-01-01-07.wav,03,01,surprised,normal,01,01,7
03-01-08-01-01-02-07.wav,03,01,surprised,normal,01,02,7
03-01-08-01-02-01-07.wav,03,01,surprised,normal,02,01,7
03-01-08-01-02-02-07.wav,03,01,surprised,normal,02,02,7
03-01-08-02-01-01-07.wav,03,01,surprised,strong,01,01,7
03-01-08-02-01-02-07.wav,03,01,surprised,strong,01,02,7
03-01-08-02-02-01-07.wav,03,01,surprised,strong,02,01,7
03-01-08-02-02-02-07.wav,03,01,surprised,strong,02,02,7
03-01-01-01-01-01-08.wav,03,01,neutral,normal,01,01,8
03-01-01-01-01-02-08.wav,03,01,neutral,normal,01,02,8
03-01-01-01-02-01-08.wav,03,01,neutral,normal,02,01,8
03-01-01-01-02-02-08.wav,03,01,neutral,normal,02,02,8
03-01-02-01-01-01-08.wav,03,01,calm,normal,01,01,8
03-01-02-01-01-02-08.wav,03,01,calm,normal,01,02,8
03-01-02-01-02-01-08.wav,03,01,calm,normal,02,01,8
03-01-02-01-02-02-08.wav,03,01,calm,normal,02,02,8
03-01-02-02-01-01-08.wav,03,01,calm,strong,01,01,8
03-01-02-02-01-02-08.wav,03,01,calm,strong,01,02,8
03-01-02-02-02-01-08.wav,03,01,calm,strong,02,01,8
03-01-02-02-02-02-08.wav,03,01,calm,strong,02,02,8
03-01-03-01-01-01-08.wav,03,01,happy,normal,01,01,8
03-01-03-01-01-02-08.wav,03,01,happy,normal,01,02,8
03-01-03-01-02-01-08.wav,03,01,happy,normal,02,01,8
03-01-03-01-02-02-08.wav,03,01,happy,normal,02,02,8
03-01-03-02-01-01-08.wav,03,01,happy,strong,01,01,8
03-01-03-02-01-02-08.wav,03,01,happy,strong,01,02,8
03-01-03-02-02-01-08.wav,03,01,happy,strong,02,01,8
03-01-03-02-02-02-08.wav,03,01,happy,strong,02,02,8
03-01-04-01-01-01-08.wav,03,01,sad,normal,01,01,8
03-01-04-01-01-02-08.wav,03,01,sad,normal,01,02,8
03-01-04-01-02-01-08.wav,03,01,sad,normal,02,01,8
03-01-04-01-02-02-08.wav,03,01,sad,normal,02,02,8
03-01-04-02-01-01-08.wav,03,01,sad,strong,01,01,8
03-01-04-02-01-02-08.wav,03,01,sad,strong,01,02,8
03-01-04-02-02-01-08.wav,03,01,sad,strong,02,01,8
03-01-04-02-02-02-08.wav,03,01,sad,strong,02,02,8
03-01-05-01-01-01-08.wav,03,01,angry,normal,01,01,8
03-01-05-01-01-02-08.wav,03,01,angry,normal,01,02,8
03-01-05-01-02-01-08.wav,03,01,angry,normal,02,01,8
03-01-05-01-02-02-08.wav,03,01,angry,normal,02,02,8
03-01-05-02-01-01-08.wav,03,01,angry,strong,01,01,8
03-01-05-02-01-02-08.wav,03,01,angry,strong,01,02,8
03-01-05-02-02-01-08.wav,03,01,angry,strong,02,01,8
03-01-05-02-02-02-08.wav,03,01,angry,strong,02,02,8
03-01-06-01-01-01-08.wav,03,01,fearful,normal,01,01,8
03-01-06-01-01-02-08.wav,03,01,fearful,normal,01,02,8
03-01-06-01-02-01-08.wav,03,01,fearful,normal,02,01,8
03-01-06-01-02-02-08.wav,03,01,fearful,normal,02,02,8
03-01-06-02-01-01-08.wav,03,01,fearful,strong,01,01,8
03-01-06-02-01-02-08.wav,03,01,fearful,strong,01,02,8
03-01-06-02-02-01-08.wav,03,01,fearful,strong,02,01,8
03-01-06-02-02-02-08.wav,03,01,fearful,strong,02,02,8
03-01-07-01-01-01-08.wav,03,01,disgust,normal,01,01,8
03-01-07-01-01-02-08.wav,03,01,disgust,normal,01,02,8
03-01-07-01-02-01-08.wav,03,01,disgust,normal,02,01,8
03-01-07-01-02-02-08.wav,03,01,disgust,normal,02,02,8
03-01-07-02-01-01-08.wav,03,01,disgust,strong,01,01,8
03-01-07-02-01-02-08.wav,03,01,disgust,strong,01,02,8
03-01-07-02-02-01-08.wav,03,01,disgust,strong,02,01,8
03-01-07-02-02-02-08.wav,03,01,disgust,strong,02,02,8
03-01-08-01-01-01-08.wav,03,01,surprised,normal,01,01,8
03-01-08-01-01-02-08.wav,03,01,surprised,normal,01,02,8
03-01-08-01-02-01-08.wav,03,01,surprised,normal,02,01,8
03-01-08-01-02-02-08.wav,03,01,surprised,normal,02,02,8
03-01-08-02-01-01-08.wav,03,01,surprised,strong,01,01,8
03-01-08-02-01-02-08.wav,03,01,surprised,strong,01,02,8
03-01-08-02-02-01-08.wav,03,01,surprised,strong,02,01,8
03-01-08-02-02-02-08.wav,03,01,surprised,strong,02,02,8
03-01-01-01-01-01-09.wav,03,01,neutral,normal,01,01,9
03-01-01-01-01-02-09.wav,03,01,neutral,normal,01,02,9
03-01-01-01-02-01-09.wav,03,01,neutral,normal,02,01,9
03-01-01-01-02-02-09.wav,03,01,neutral,normal,02,02,9
03-01-02-01-01-01-09.wav,03,01,calm,normal,01,01,9
03-01-02-01-01-02-09.wav,03,01,calm,normal,01,02,9
03-01-02-01-02-01-09.wav,03,01,calm,normal,02,01,9
03-01-02-01-02-02-09.wav,03,01,calm,normal,02,02,9
03-01-02-02-01-01-09.wav,03,01,calm,strong,01,01,9
03-01-02-02-01-02-09.wav,03,01,calm,strong,01,02,9
03-01-02-02-02-01-09.wav,03,01,calm,strong,02,01,9
03-01-02-02-02-02-09.wav,03,01,calm,strong,02,02,9
03-01-03-01-01-01-09.wav,03,01,happy,normal,01,01,9
03-01-03-01-01-02-09.wav,03,01,happy,normal,01,02,9
03-01-03-01-02-01-09.wav,03,01,happy,normal,02,01,9
03-01-03-01-02-02-09.wav,03,01,happy,normal,02,02,9
03-01-03-02-01-01-09.wav,03,01,happy,strong,01,01,9
03-01-03-02-01-02-09.wav,03,01,happy,strong,01,02,9
03-01-03-02-02-01-09.wav,03,01,happy,strong,02,01,9
03-01-03-02-02-02-09.wav,03,01,happy,strong,02,02,9
03-01-04-01-01-01-09.wav,03,01,sad,normal,01,01,9
03-01-04-01-01-02-09.wav,03,01,sad,normal,01,02,9
03-01-04-01-02-01-09.wav,03,01,sad,normal,02,01,9
03-01-04-01-02-02-09.wav,03,01,sad,normal,02,02,9
03-01-04-02-01-01-09.wav,03,01,sad,strong,01,01,9
03-01-04-02-01-02-09.wav,03,01,sad,strong,01,02,9
03-01-04-02-02-01-09.wav,03,01,sad,strong,02,01,9
03-01-04-02-02-02-09.wav,03,01,sad,strong,02,02,9
03-01-05-01-01-01-09.wav,03,01,angry,normal,01,01,9
03-01-05-01-01-02-09.wav,03,01,angry,normal,01,02,9
03-01-05-01-02-01-09.wav,03,01,angry,normal,02,01,9
03-01-05-01-02-02-09.wav,03,01,angry,normal,02,02,9
03-01-05-02-01-01-09.wav,03,01,angry,strong,01,01,9
03-01-05-02-01-02-09.wav,03,01,angry,strong,01,02,9
03-01-05-02-02-01-09.wav,03,01,angry,strong,02,01,9
03-01-05-02-02-02-09.wav,03,01,angry,strong,02,02,9
03-01-06-01-01-01-09.wav,03,01,fearful,normal,01,01,9
03-01-06-01-01-02-09.wav,03,01,fearful,normal,01,02,9
03-01-06-01-02-01-09.wav,03,01,fearful,normal,02,01,9
03-01-06-01-02-02-09.wav,03,01,fearful,normal,02,02,9
03-01-06-02-01-01-09.wav,03,01,fearful,strong,01,01,9
03-01-06-02-01-02-09.wav,03,01,fearful,strong,01,02,9
03-01-06-02-02-01-09.wav,03,01,fearful,strong,02,01,9
03-01-06-02-02-02-09.wav,03,01,fearful,strong,02,02,9
03-01-07-01-01-01-09.wav,03,01,disgust,normal,01,01,9
03-01-07-01-01-02-09.wav,03,01,disgust,normal,01,02,9
03-01-07-01-02-01-09.wav,03,01,disgust,normal,02,01,9
03-01-07-01-02-02-09.wav,03,01,disgust,normal,02,02,9
03-01-07-02-01-01-09.wav,03,01,disgust,strong,01,01,9
03-01-07-02-01-02-09.wav,03,01,disgust,strong,01,02,9
03-01-07-02-02-01-09.wav,03,01,disgust,strong,02,01,9
03-01-07-02-02-02-09.wav,03,01,disgust,strong,02,02,9
03-01-08-01-01-01-09.wav,03,01,surprised,normal,01,01,9
03-01-08-01-01-02-09.wav,03,01,surprised,normal,01,02,9
03-01-08-01-02-01-09.wav,03,01,surprised,normal,02,01,9
03-01-08-01-02-02-09.wav,03,01,surprised,normal,02,02,9
03-01-08-02-01-01-09.wav,03,01,surprised,strong,01,01,9
03-01-08-02-01-02-09.wav,03,01,surprised,strong,01,02,9
03-01-08-02-02-01-09.wav,03,01,surprised,strong,02,01,9
03-01-08-02-02-02-09.wav,03,01,surprised,strong,02,02,9
03-01-01-01-01-01-10.wav,03,01,neutral,normal,01,01,10
03-01-01-01-01-02-10.wav,03,01,neutral,normal,01,02,10
03-01-01-01-02-01-10.wav,03,01,neutral,normal,02,01,10
03-01-01-01-02-02-10.wav,03,01,neutral,normal,02,02,10
03-01-02-01-01-01-10.wav,03,01,calm,normal,01,01,10
03-01-02-01-01-02-10.wav,03,01,calm,normal,01,02,10
03-01-02-01-02-01-10.wav,03,01,calm,normal,02,01,10
03-01-02-01-02-02-10.wav,03,01,calm,normal,02,02,10
03-01-02-02-01-01-10.wav,03,01,calm,strong,01,01,10
03-01-02-02-01-02-10.wav,03,01,calm,strong,01,02,10
03-01-02-02-02-01-10.wav,03,01,calm,strong,02,01,10
03-01-02-02-02-02-10.wav,03,01,calm,strong,02,02,10
03-01-03-01-01-01-10.wav,03,01,happy,normal,01,01,10
03-01-03-01-01-02-10.wav,03,01,happy,normal,01,02,10
03-01-03-01-02-01-10.wav,03,01,happy,normal,02,01,10
03-01-03-01-02-02-10.wav,03,01,happy,normal,02,02,10
03-01-03-02-01-01-10.wav,03,01,happy,strong,01,01,10
03-01-03-02-01-02-10.wav,03,01,happy,strong,01,02,10
03-01-03-02-02-01-10.wav,03,01,happy,strong,02,01,10
03-01-03-02-02-02-10.wav,03,01,happy,strong,02,02,10
03-01-04-01-01-01-10.wav,03,01,sad,normal,01,01,10
03-01-04-01-01-02-10.wav,03,01,sad,normal,01,02,10
03-01-04-01-02-01-10.wav,03,01,sad,normal,02,01,10
03-01-04-01-02-02-10.wav,03,01,sad,normal,02,02,10
03-01-04-02-01-01-10.wav,03,01,sad,strong,01,01,10
03-01-04-02-01-02-10.wav,03,01,sad,strong,01,02,10
03-01-04-02-02-01-10.wav,03,01,sad,strong,02,01,10
03-01-04-02-02-02-10.wav,03,01,sad,strong,02,02,10
03-01-05-01-01-01-10.wav,03,01,angry,normal,01,01,10
03-01-05-01-01-02-10.wav,03,01,angry,normal,01,02,10
03-01-05-01-02-01-10.wav,03,01,angry,normal,02,01,10
03-01-05-01-02-02-10.wav,03,01,angry,normal,02,02,10
03-01-05-02-01-01-10.wav,03,01,angry,strong,01,01,10
03-01-05-02-01-02-10.wav,03,01,angry,strong,01,02,10
03-01-05-02-02-01-10.wav,03,01,angry,strong,02,01,10
03-01-05-02-02-02-10.wav,03,01,angry,strong,02,02,10
03-01-06-01-01-01-10.wav,03,01,fearful,normal,01,01,10
03-01-06-01-01-02-10.wav,03,01,fearful,normal,01,02,10
03-01-06-01-02-01-10.wav,03,01,fearful,normal,02,01,10
03-01-06-01-02-02-10.wav,03,01,fearful,normal,02,02,10
03-01-06-02-01-01-10.wav,03,01,fearful,strong,01,01,10
03-01-06-02-01-02-10.wav,03,01,fearful,strong,01,02,10
03-01-06-02-02-01-10.wav,03,01,fearful,strong,02,01,10
03-01-06-02-02-02-10.wav,03,01,fearful,strong,02,02,10
03-01-07-01-01-01-10.wav,03,01,disgust,normal,01,01,10
03-01-07-01-01-02-10.wav,03,01,disgust,normal,01,02,10
03-01-07-01-02-01-10.wav,03,01,disgust,normal,02,01,10
03-01-07-01-02-02-10.wav,03,01,disgust,normal,02,02,10
03-01-07-02-01-01-10.wav,03,01,disgust,strong,01,01,10
03-01-07-02-01-02-10.wav,03,01,disgust,strong,01,02,10
03-01-07-02-02-01-10.wav,03,01,disgust,strong,02,01,10
03-01-07-02-02-02-10.wav,03,01,disgust,strong,02,02,10
03-01-08-01-01-01-10.wav,03,01,surprised,normal,01,01,10
03-01-08-01-01-02-10.wav,03,01,surprised,normal,01,02,10
03-01-08-01-02-01-10.wav,03,01,surprised,normal,02,01,10
03-01-08-01-02-02-10.wav,03,01,surprised,normal,02,02,10
03-01-08-02-01-01-10.wav,03,01,surprised,strong,01,01,10
03-01-08-02-01-02-10.wav,03,01,surprised,strong,01,02,10
03-01-08-02-02-01-10.wav,03,01,surprised,strong,02,01,10
03-01-08-02-02-02-10.wav,03,01,surprised,strong,02,02,10
03-01-01-01-01-01-11.wav,03,01,neutral,normal,01,01,11
03-01-01-01-01-02-11.wav,03,01,neutral,normal,01,02,11
03-01-01-01-02-01-11.wav,03,01,neutral,normal,02,01,11
03-01-01-01-02-02-11.wav,03,01,neutral,normal,02,02,11
03-01-02-01-01-01-11.wav,03,01,calm,normal,01,01,11
03-01-02-01-01-02-11.wav,03,01,calm,normal,01,02,11
03-01-02-01-02-01-11.wav,03,01,calm,normal,02,01,11
03-01-02-01-02-02-11.wav,03,01,calm,normal,02,02,11
03-01-02-02-01-01-11.wav,03,01,calm,strong,01,01,11
03-01-02-02-01-02-11.wav,03,01,calm,strong,01,02,11
03-01-02-02-02-01-11.wav,03,01,calm,strong,02,01,11
03-01-02-02-02-02-11.wav,03,01,calm,strong,02,02,11
03-01-03-01-01-01-11.wav,03,01,happy,normal,01,01,11
03-01-03-01-01-02-11.wav,03,01,happy,normal,01,02,11
03-01-03-01-02-01-11.wav,03,01,happy,normal,02,01,11
03-01-03-01-02-02-11.wav,03,01,happy,normal,02,02,11
03-01-03-02-01-01-11.wav,03,01,happy,strong,01,01,11
03-01-03-02-01-02-11.wav,03,01,happy,strong,01,02,11
03-01-03-02-02-01-11.wav,03,01,happy,strong,02,01,11
03-01-03-02-02-02-11.wav,03,01,happy,strong,02,02,11
03-01-04-01-01-01-11.wav,03,01,sad,normal,01,01,11
03-01-04-01-01-02-11.wav,03,01,sad,normal,01,02,11
03-01-04-01-02-01-11.wav,03,01,sad,normal,02,01,11
03-01-04-01-02-02-11.wav,03,01,sad,normal,02,02,11
03-01-04-02-01-01-11.wav,03,01,sad,strong,01,01,11
03-01-04-02-01-02-11.wav,03,01,sad,strong,01,02,11
03-01-04-02-02-01-11.wav,03,01,sad,strong,02,01,11
03-01-04-02-02-02-11.wav,03,01,sad,strong,02,02,11
03-01-05-01-01-01-11.wav,03,01,angry,normal,01,01,11
03-01-05-01-01-02-11.wav,03,01,angry,normal,01,02,11
03-01-05-01-02-01-11.wav,03,01,angry,normal,02,01,11
03-01-05-01-02-02-11.wav,03,01,angry,normal,02,02,11
03-01-05-02-01-01-11.wav,03,01,angry,strong,01,01,11
03-01-05-02-01-02-11.wav,03,01,angry,strong,01,02,11
03-01-05-02-02-01-11.wav,03,01,angry,strong,02,01,11
03-01-05-02-02-02-11.wav,03,01,angry,strong,02,02,11
03-01-06-01-01-01-11.wav,03,01,fearful,normal,01,01,11
03-01-06-01-01-02-11.wav,03,01,fearful,normal,01,02,11
03-01-06-01-02-01-11.wav,03,01,fearful,normal,02,01,11
03-01-06-01-02-02-11.wav,03,01,fearful,normal,02,02,11
03-01-06-02-01-01-11.wav,03,01,fearful,strong,01,01,11
03-01-06-02-01-02-11.wav,03,01,fearful,strong,01,02,11
03-01-06-02-02-01-11.wav,03,01,fearful,strong,02,01,11
03-01-06-02-02-02-11.wav,03,01,fearful,strong,02,02,11
03-01-07-01-01-01-11.wav,03,01,disgust,normal,01,01,11
03-01-07-01-01-02-11.wav,03,01,disgust,normal,01,02,11
03-01-07-01-02-01-11.wav,03,01,disgust,normal,02,01,11
03-01-07-01-02-02-11.wav,03,01,disgust,normal,02,02,11
03-01-07-02-01-01-11.wav,03,01,disgust,strong,01,01,11
03-01-07-02-01-02-11.wav,03,01,disgust,strong,01,02,11
03-01-07-02-02-01-11.wav,03,01,disgust,strong,02,01,11
03-01-07-02-02-02-11.wav,03,01,disgust,strong,02,02,11
03-01-08-01-01-01-11.wav,03,01,surprised,normal,01,01,11
03-01-08-01-01-02-11.wav,03,01,surprised,normal,01,02,11
03-01-08-01-02-01-11.wav,03,01,surprised,normal,02,01,11
03-01-08-01-02-02-11.wav,03,01,surprised,normal,02,02,11
03-01-08-02-01-01-11.wav,03,01,surprised,strong,01,01,11
03-01-08-02-01-02-11.wav,03,01,surprised,strong,01,02,11
03-01-08-02-02-01-11.wav,03,01,surprised,strong,02,01,11
03-01-08-02-02-02-11.wav,03,01,surprised,strong,02,02,11
03-01-01-01-01-01-12.wav,03,01,neutral,normal,01,01,12
03-01-01-01-01-02-12.wav,03,01,neutral,normal,01,02,12
03-01-01-01-02-01-12.wav,03,01,neutral,normal,02,01,12
03-01-01-01-02-02-12.wav,03,01,neutral,normal,02,02,12
03-01-02-01-01-01-12.wav,03,01,calm,normal,01,01,12
03-01-02-01-01-02-12.wav,03,01,calm,normal,01,02,12
03-01-02-01-02-01-12.wav,03,01,calm,normal,02,01,12
03-01-02-01-02-02-12.wav,03,01,calm,normal,02,02,12
03-01-02-02-01-01-12.wav,03,01,calm,strong,01,01,12
03-01-02-02-01-02-12.wav,03,01,calm,strong,01,02,12
03-01-02-02-02-01-12.wav,03,01,calm,strong,02,01,12
03-01-02-02-02-02-12.wav,03,01,calm,strong,02,02,12
03-01-03-01-01-01-12.wav,03,01,happy,normal,01,01,12
03-01-03-01-01-02-12.wav,03,01,happy,normal,01,02,12
03-01-03-01-02-01-12.wav,03,01,happy,normal,02,01,12
03-01-03-01-02-02-12.wav,03,01,happy,normal,02,02,12
03-01-03-02-01-01-12.wav,03,01,happy,strong,01,01,12
03-01-03-02-01-02-12.wav,03,01,happy,strong,01,02,12
03-01-03-02-02-01-12.wav,03,01,happy,strong,02,01,12
03-01-03-02-02-02-12.wav,03,01,happy,strong,02,02,12
03-01-04-01-01-01-12.wav,03,01,sad,normal,01,01,12
03-01-04-01-01-02-12.wav,03,01,sad,normal,01,02,12
03-01-04-01-02-01-12.wav,03,01,sad,normal,02,01,12
03-01-04-01-02-02-12.wav,03,01,sad,normal,02,02,12
03-01-04-02-01-01-12.wav,03,01,sad,strong,01,01,12
03-01-04-02-01-02-12.wav,03,01,sad,strong,01,02,12
03-01-04-02-02-01-12.wav,03,01,sad,strong,02,01,12
03-01-04-02-02-02-12.wav,03,01,sad,strong,02,02,12
03-01-05-01-01-01-12.wav,03,01,angry,normal,01,01,12
03-01-05-01-01-02-12.wav,03,01,angry,normal,01,02,12
03-01-05-01-02-01-12.wav,03,01,angry,normal,02,01,12
03-01-05-01-02-02-12.wav,03,01,angry,normal,02,02,12
03-01-05-02-01-01-12.wav,03,01,angry,strong,01,01,12
03-01-05-02-01-02-12.wav,03,01,angry,strong,01,02,12
03-01-05-02-02-01-12.wav,03,01,angry,strong,02,01,12
03-01-05-02-02-02-12.wav,03,01,angry,strong,02,02,12
03-01-06-01-01-01-12.wav,03,01,fearful,normal,01,01,12
03-01-06-01-01-02-12.wav,03,01,fearful,normal,01,02,12
03-01-06-01-02-01-12.wav,03,01,fearful,normal,02,01,12
03-01-06-01-02-02-12.wav,03,01,fearful,normal,02,02,12
03-01-06-02-01-01-12.wav,03,01,fearful,strong,01,01,12
03-01-06-02-01-02-12.wav,03,01,fearful,strong,01,02,12
03-01-06-02-02-01-12.wav,03,01,fearful,strong,02,01,12
03-01-06-02-02-02-12.wav,03,01,fearful,strong,02,02,12
03-01-07-01-01-01-12.wav,03,01,disgust,normal,01,01,12
03-01-07-01-01-02-12.wav,03,01,disgust,normal,01,02,12
03-01-07-01-02-01-12.wav,03,01,disgust,normal,02,01,12
03-01-07-01-02-02-12.wav,03,01,disgust,normal,02,02,12
03-01-07-02-01-01-12.wav,03,01,disgust,strong,01,01,12
03-01-07-02-01-02-12.wav,03,01,disgust,strong,01,02,12
03-01-07-02-02-01-12.wav,03,01,disgust,strong,02,01,12
03-01-07-02-02-02-12.wav,03,01,disgust,strong,02,02,12
03-01-08-01-01-01-12.wav,03,01,surprised,normal,01,01,12
03-01-08-01-01-02-12.wav,03,01,surprised,normal,01,02,12
03-01-08-01-02-01-12.wav,03,01,surprised,normal,02,01,12
03-01-08-01-02-02-12.wav,03,01,surprised,normal,02,02,12
03-01-08-02-01-01-12.wav,03,01,surprised,strong,01,01,12
03-01-08-02-01-02-12.wav,03,01,surprised,strong,01,02,12
03-01-08-02-02-01-12.wav,03,01,surprised,strong,02,01,12
03-01-08-02-02-02-12.wav,03,01,surprised,strong,02,02,12
03-01-01-01-01-01-13.wav,03,01,neutral,normal,01,01,13
03-01-01-01-01-02-13.wav,03,01,neutral,normal,01,02,13
03-01-01-01-02-01-13.wav,03,01,neutral,normal,02,01,13
03-01-01-01-02-02-13.wav,03,01,neutral,normal,02,02,13
03-01-02-01-01-01-13.wav,03,01,calm,normal,01,01,13
03-01-02-01-01-02-13.wav,03,01,calm,normal,01,02,13
03-01-02-01-02-01-13.wav,03,01,calm,normal,02,01,13
03-01-02-01-02-02-13.wav,03,01,calm,normal,02,02,13
03-01-02-02-01-01-13.wav,03,01,calm,strong,01,01,13
03-01-02-02-01-02-13.wav,03,01,calm,strong,01,02,13
03-01-02-02-02-01-13.wav,03,01,calm,strong,02,01,13
03-01-02-02-02-02-13.wav,03,01,calm,strong,02,02,13
03-01-03-01-01-01-13.wav,03,01,happy,normal,01,01,13
03-01-03-01-01-02-13.wav,03,01,happy,normal,01,02,13
03-01-03-01-02-01-13.wav,03,01,happy,normal,02,01,13
03-01-03-01-02-02-13.wav,03,01,happy,normal,02,02,13
03-01-03-02-01-01-13.wav,03,01,happy,strong,01,01,13
03-01-03-02-01-02-13.wav,03,01,happy,strong,01,02,13
03-01-03-02-02-01-13.wav,03,01,happy,strong,02,01,13
03-01-03-02-02-02-13.wav,03,01,happy,strong,02,02,13
03-01-04-01-01-01-13.wav,03,01,sad,normal,01,01,13
03-01-04-01-01-02-13.wav,03,01,sad,normal,01,02,13
03-01-04-01-02-01-13.wav,03,01,sad,normal,02,01,13
03-01-04-01-02-02-13.wav,03,01,sad,normal,02,02,13
03-01-04-02-01-01-13.wav,03,01,sad,strong,01,01,13
03-01-04-02-01-02-13.wav,03,01,sad,strong,01,02,13
03-01-04-02-02-01-13.wav,03,01,sad,strong,02,01,13
03-01-04-02-02-02-13.wav,03,01,sad,strong,02,02,13
03-01-05-01-01-01-13.wav,03,01,angry,normal,01,01,13
03-01-05-01-01-02-13.wav,03,01,angry,normal,01,02,13
03-01-05-01-02-01-13.wav,03,01,angry,normal,02,01,13
03-01-05-01-02-02-13.wav,03,01,angry,normal,02,02,13
03-01-05-02-01-01-13.wav,03,01,angry,strong,01,01,13
03-01-05-02-01-02-13.wav,03,01,angry,strong,01,02,13
03-01-05-02-02-01-13.wav,03,01,angry,strong,02,01,13
03-01-05-02-02-02-13.wav,03,01,angry,strong,02,02,13
03-01-06-01-01-01-13.wav,03,01,fearful,normal,01,01,13
03-01-06-01-01-02-13.wav,03,01,fearful,normal,01,02,13
03-01-06-01-02-01-13.wav,03,01,fearful,normal,02,01,13
03-01-06-01-02-02-13.wav,03,01,fearful,normal,02,02,13
03-01-06-02-01-01-13.wav,03,01,fearful,strong,01,01,13
03-01-06-02-01-02-13.wav,03,01,fearful,strong,01,02,13
03-01-06-02-02-01-13.wav,03,01,fearful,strong,02,01,13
03-01-06-02-02-02-13.wav,03,01,fearful,strong,02,02,13
03-01-07-01-01-01-13.wav,03,01,disgust,normal,01,01,13
03-01-07-01-01-02-13.wav,03,01,disgust,normal,01,02,13
03-01-07-01-02-01-13.wav,03,01,disgust,normal,02,01,13
03-01-07-01-02-02-13.wav,03,01,disgust,normal,02,02,13
03-01-07-02-01-01-13.wav,03,01,disgust,strong,01,01,13
03-01-07-02-01-02-13.wav,03,01,disgust,strong,01,02,13
03-01-07-02-02-01-13.wav,03,01,disgust,strong,02,01,13
03-01-07-02-02-02-13.wav,03,01,disgust,strong,02,02,13
03-01-08-01-01-01-13.wav,03,01,surprised,normal,01,01,13
03-01-08-01-01-02-13.wav,03,01,surprised,normal,01,02,13
03-01-08-01-02-01-13.wav,03,01,surprised,normal,02,01,13
03-01-08-01-02-02-13.wav,03,01,surprised,normal,02,02,13
03-01-08-02-01-01-13.wav,03,01,surprised,strong,01,01,13
03-01-08-02-01-02-13.wav,03,01,surprised,strong,01,02,13
03-01-08-02-02-01-13.wav,03,01,surprised,strong,02,01,13
03-01-08-02-02-02-13.wav,03,01,surprised,strong,02,02,13
03-01-01-01-01-01-14.wav,03,01,neutral,normal,01,01,14
03-01-01-01-01-02-14.wav,03,01,neutral,normal,01,02,14
03-01-01-01-02-01-14.wav,03,01,neutral,normal,02,01,14
03-01-01-01-02-02-14.wav,03,01,neutral,normal,02,02,14
03-01-02-01-01-01-14.wav,03,01,calm,normal,01,01,14
03-01-02-01-01-02-14.wav,03,01,calm,normal,01,02,14
03-01-02-01-02-01-14.wav,03,01,calm,normal,02,01,14
03-01-02-01-02-02-14.wav,03,01,calm,normal,02,02,14
03-01-02-02-01-01-14.wav,03,01,calm,strong,01,01,14
03-01-02-02-01-02-14.wav,03,01,calm,strong,01,02,14
03-01-02-02-02-01-14.wav,03,01,calm,strong,02,01,14
03-01-02-02-02-02-14.wav,03,01,calm,strong,02,02,14
03-01-03-01-01-01-14.wav,03,01,happy,normal,01,01,14
03-01-03-01-01-02-14.wav,03,01,happy,normal,01,02,14
03-01-03-01-02-01-14.wav,03,01,happy,normal,02,01,14
03-01-03-01-02-02-14.wav,03,01,happy,normal,02,02,14
03-01-03-02-01-01-14.wav,03,01,happy,strong,01,01,14
03-01-03-02-01-02-14.wav,03,01,happy,strong,01,02,14
03-01-03-02-02-01-14.wav,03,01,happy,strong,02,01,14
03-01-03-02-02-02-14.wav,03,01,happy,strong,02,02,14
03-01-04-01-01-01-14.wav,03,01,sad,normal,01,01,14
03-01-04-01-01-02-14.wav,03,01,sad,normal,01,02,14
03-01-04-01-02-01-14.wav,03,01,sad,normal,02,01,14
03-01-04-01-02-02-14.wav,03,01,sad,normal,02,02,14
03-01-04-02-01-01-14.wav,03,01,sad,strong,01,01,14
03-01-04-02-01-02-14.wav,03,01,sad,strong,01,02,14
03-01-04-02-02-01-14.wav,03,01,sad,strong,02,01,14
03-01-04-02-02-02-14.wav,03,01,sad,strong,02,02,14
03-01-05-01-01-01-14.wav,03,01,angry,normal,01,01,14
03-01-05-01-01-02-14.wav,03,01,angry,normal,01,02,14
03-01-05-01-02-01-14.wav,03,01,angry,normal,02,01,14
03-01-05-01-02-02-14.wav,03,01,angry,normal,02,02,14
03-01-05-02-01-01-14.wav,03,01,angry,strong,01,01,14
03-01-05-02-01-02-14.wav,03,01,angry,strong,01,02,14
03-01-05-02-02-01-14.wav,03,01,angry,strong,02,01,14
03-01-05-02-02-02-14.wav,03,01,angry,strong,02,02,14
03-01-06-01-01-01-14.wav,03,01,fearful,normal,01,01,14
03-01-06-01-01-02-14.wav,03,01,fearful,normal,01,02,14
03-01-06-01-02-01-14.wav,03,01,fearful,normal,02,01,14
03-01-06-01-02-02-14.wav,03,01,fearful,normal,02,02,14
03-01-06-02-01-01-14.wav,03,01,fearful,strong,01,01,14
03-01-06-02-01-02-14.wav,03,01,fearful,strong,01,02,14
03-01-06-02-02-01-14.wav,03,01,fearful,strong,02,01,14
03-01-06-02-02-02-14.wav,03,01,fearful,strong,02,02,14
03-01-07-01-01-01-14.wav,03,01,disgust,normal,01,01,14
03-01-07-01-01-02-14.wav,03,01,disgust,normal,01,02,14
03-01-07-01-02-01-14.wav,03,01,disgust,normal,02,01,14
03-01-07-01-02-02-14.wav,03,01,disgust,normal,02,02,14
03-01-07-02-01-01-14.wav,03,01,disgust,strong,01,01,14
03-01-07-02-01-02-14.wav,03,01,disgust,strong,01,02,14
03-01-07-02-02-01-14.wav,03,01,disgust,strong,02,01,14
03-01-07-02-02-02-14.wav,03,01,disgust,strong,02,02,14
03-01-08-01-01-01-14.wav,03,01,surprised,normal,01,01,14
03-01-08-01-01-02-14.wav,03,01,surprised,normal,01,02,14
03-01-08-01-02-01-14.wav,03,01,surprised,normal,02,01,14
03-01-08-01-02-02-14.wav,03,01,surprised,normal,02,02,14
03-01-08-02-01-01-14.wav,03,01,surprised,strong,01,01,14
03-01-08-02-01-02-14.wav,03,01,surprised,strong,01,02,14
03-01-08-02-02-01-14.wav,03,01,surprised,strong,02,01,14
03-01-08-02-02-02-14.wav,03,01,surprised,strong,02,02,14
03-01-01-01-01-01-15.wav,03,01,neutral,normal,01,01,15
03-01-01-01-01-02-15.wav,03,01,neutral,normal,01,02,15
03-01-01-01-02-01-15.wav,03,01,neutral,normal,02,01,15
03-01-01-01-02-02-15.wav,03,01,neutral,normal,02,02,15
03-01-02-01-01-01-15.wav,03,01,calm,normal,01,01,15
03-01-02-01-01-02-15.wav,03,01,calm,normal,01,02,15
03-01-02-01-02-01-15.wav,03,01,calm,normal,02,01,15
03-01-02-01-02-02-15.wav,03,01,calm,normal,02,02,15
03-01-02-02-01-01-15.wav,03,01,calm,strong,01,01,15
03-01-02-02-01-02-15.wav,03,01,calm,strong,01,02,15
03-01-02-02-02-01-15.wav,03,01,calm,strong,02,01,15
03-01-02-02-02-02-15.wav,03,01,calm,strong,02,02,15
03-01-03-01-01-01-15.wav,03,01,happy,normal,01,01,15
03-01-03-01-01-02-15.wav,03,01,happy,normal,01,02,15
03-01-03-01-02-01-15.wav,03,01,happy,normal,02,01,15
03-01-03-01-02-02-15.wav,03,01,happy,normal,02,02,15
03-01-03-02-01-01-15.wav,03,01,happy,strong,01,01,15
03-01-03-02-01-02-15.wav,03,01,happy,strong,01,02,15
03-01-03-02-02-01-15.wav,03,01,happy,strong,02,01,15
03-01-03-02-02-02-15.wav,03,01,happy,strong,02,02,15
03-01-04-01-01-01-15.wav,03,01,sad,normal,01,01,15
03-01-04-01-01-02-15.wav,03,01,sad,normal,01,02,15
03-01-04-01-02-01-15.wav,03,01,sad,normal,02,01,15
03-01-04-01-02-02-15.wav,03,01,sad,normal,02,02,15
03-01-04-02-01-01-15.wav,03,01,sad,strong,01,01,15
03-01-04-02-01-02-15.wav,03,01,sad,strong,01,02,15
03-01-04-02-02-01-15.wav,03,01,sad,strong,02,01,15
03-01-04-02-02-02-15.wav,03,01,sad,strong,02,02,15
03-01-05-01-01-01-15.wav,03,01,angry,normal,01,01,15
03-01-05-01-01-02-15.wav,03,01,angry,normal,01,02,15
03-01-05-01-02-01-15.wav,03,01,angry,normal,02,01,15
03-01-05-01-02-02-15.wav,03,01,angry,normal,02,02,15
03-01-05-02-01-01-15.wav,03,01,angry,strong,01,01,15
03-01-05-02-01-02-15.wav,03,01,angry,strong,01,02,15
03-01-05-02-02-01-15.wav,03,01,angry,strong,02,01,15
03-01-05-02-02-02-15.wav,03,01,angry,strong,02,02,15
03-01-06-01-01-01-15.wav,03,01,fearful,normal,01,01,15
03-01-06-01-01-02-15.wav,03,01,fearful,normal,01,02,15
03-01-06-01-02-01-15.wav,03,01,fearful,normal,02,01,15
03-01-06-01-02-02-15.wav,03,01,fearful,normal,02,02,15
03-01-06-02-01-01-15.wav,03,01,fearful,strong,01,01,15
03-01-06-02-01-02-15.wav,03,01,fearful,strong,01,02,15
03-01-06-02-02-01-15.wav,03,01,fearful,strong,02,01,15
03-01-06-02-02-02-15.wav,03,01,fearful,strong,02,02,15
03-01-07-01-01-01-15.wav,03,01,disgust,normal,01,01,15
03-01-07-01-01-02-15.wav,03,01,disgust,normal,01,02,15
03-01-07-01-02-01-15.wav,03,01,disgust,normal,02,01,15
03-01-07-01-02-02-15.wav,03,01,disgust,normal,02,02,15
03-01-07-02-01-01-15.wav,03,01,disgust,strong,01,01,15
03-01-07-02-01-02-15.wav,03,01,disgust,strong,01,02,15
03-01-07-02-02-01-15.wav,03,01,disgust,strong,02,01,15
03-01-07-02-02-02-15.wav,03,01,disgust,strong,02,02,15
03-01-08-01-01-01-15.wav,03,01,surprised,normal,01,01,15
03-01-08-01-01-02-15.wav,03,01,surprised,normal,01,02,15
03-01-08-01-02-01-15.wav,03,01,surprised,normal,02,01,15
03-01-08-01-02-02-15.wav,03,01,surprised,normal,02,02,15
03-01-08-02-01-01-15.wav,03,01,surprised,strong,01,01,15
03-01-08-02-01-02-15.wav,03,01,surprised,strong,01,02,15
03-01-08-02-02-01-15.wav,03,01,surprised,strong,02,01,15
03-01-08-02-02-02-15.wav,03,01,surprised,strong,02,02,15
03-01-01-01-01-01-16.wav,03,01,neutral,normal,01,01,16
03-01-01-01-01-02-16.wav,03,01,neutral,normal,01,02,16
03-01-01-01-02-01-16.wav,03,01,neutral,normal,02,01,16
03-01-01-01-02-02-16.wav,03,01,neutral,normal,02,02,16
03-01-02-01-01-01-16.wav,03,01,calm,normal,01,01,16
03-01-02-01-01-02-16.wav,03,01,calm,normal,01,02,16
03-01-02-01-02-01-16.wav,03,01,calm,normal,02,01,16
03-01-02-01-02-02-16.wav,03,01,calm,normal,02,02,16
03-01-02-02-01-01-16.wav,03,01,calm,strong,01,01,16
03-01-02-02-01-02-16.wav,03,01,calm,strong,01,02,16
03-01-02-02-02-01-16.wav,03,01,calm,strong,02,01,16
03-01-02-02-02-02-16.wav,03,01,calm,strong,02,02,16
03-01-03-01-01-01-16.wav,03,01,happy,normal,01,01,16
03-01-03-01-01-02-16.wav,03,01,happy,normal,01,02,16
03-01-03-01-02-01-16.wav,03,01,happy,normal,02,01,16
03-01-03-01-02-02-16.wav,03,01,happy,normal,02,02,16
03-01-03-02-01-01-16.wav,03,01,happy,strong,01,01,16
03-01-03-02-01-02-16.wav,03,01,happy,strong,01,02,16
03-01-03-02-02-01-16.wav,03,01,happy,strong,02,01,16
03-01-03-02-02-02-16.wav,03,01,happy,strong,02,02,16
03-01-04-01-01-01-16.wav,03,01,sad,normal,01,01,16
03-01-04-01-01-02-16.wav,03,01,sad,normal,01,02,16
03-01-04-01-02-01-16.wav,03,01,sad,normal,02,01,16
03-01-04-01-02-02-16.wav,03,01,sad,normal,02,02,16
03-01-04-02-01-01-16.wav,03,01,sad,strong,01,01,16
03-01-04-02-01-02-16.wav,03,01,sad,strong,01,02,16
03-01-04-02-02-01-16.wav,03,01,sad,strong,02,01,16
03-01-04-02-02-02-16.wav,03,01,sad,strong,02,02,16
03-01-05-01-01-01-16.wav,03,01,angry,normal,01,01,16
03-01-05-01-01-02-16.wav,03,01,angry,normal,01,02,16
03-01-05-01-02-01-16.wav,03,01,angry,normal,02,01,16
03-01-05-01-02-02-16.wav,03,01,angry,normal,02,02,16
03-01-05-02-01-01-16.wav,03,01,angry,strong,01,01,16
03-01-05-02-01-02-16.wav,03,01,angry,strong,01,02,16
03-01-05-02-02-01-16.wav,03,01,angry,strong,02,01,16
03-01-05-02-02-02-16.wav,03,01,angry,strong,02,02,16
03-01-06-01-01-01-16.wav,03,01,fearful,normal,01,01,16
03-01-06-01-01-02-16.wav,03,01,fearful,normal,01,02,16
03-01-06-01-02-01-16.wav,03,01,fearful,normal,02,01,16
03-01-06-01-02-02-16.wav,03,01,fearful,normal,02,02,16
03-01-06-02-01-01-16.wav,03,01,fearful,strong,01,01,16
03-01-06-02-01-02-16.wav,03,01,fearful,strong,01,02,16
03-01-06-02-02-01-16.wav,03,01,fearful,strong,02,01,16
03-01-06-02-02-02-16.wav,03,01,fearful,strong,02,02,16
03-01-07-01-01-01-16.wav,03,01,disgust,normal,01,01,16
03-01-07-01-01-02-16.wav,03,01,disgust,normal,01,02,16
03-01-07-01-02-01-16.wav,03,01,disgust,normal,02,01,16
03-01-07-01-02-02-16.wav,03,01,disgust,normal,02,02,16
03-01-07-02-01-01-16.wav,03,01,disgust,strong,01,01,16
03-01-07-02-01-02-16.wav,03,01,disgust,strong,01,02,16
03-01-07-02-02-01-16.wav,03,01,disgust,strong,02,01,16
03-01-07-02-02-02-16.wav,03,01,disgust,strong,02,02,16
03-01-08-01-01-01-16.wav,03,01,surprised,normal,01,01,16
03-01-08-01-01-02-16.wav,03,01,surprised,normal,01,02,16
03-01-08-01-02-01-16.wav,03,01,surprised,normal,02,01,16
03-01-08-01-02-02-16.wav,03,01,surprised,normal,02,02,16
03-01-08-02-01-01-16.wav,03,01,surprised,strong,01,01,16
03-01-08-02-01-02-16.wav,03,01,surprised,strong,01,02,16
03-01-08-02-02-01-16.wav,03,01,surprised,strong,02,01,16
03-01-08-02-02-02-16.wav,03,01,surprised,strong,02,02,16
03-01-01-01-01-01-17.wav,03,01,neutral,normal,01,01,17
03-01-01-01-01-02-17.wav,03,01,neutral,normal,01,02,17
03-01-01-01-02-01-17.wav,03,01,neutral,normal,02,01,17
03-01-01-01-02-02-17.wav,03,01,neutral,normal,02,02,17
03-01-02-01-01-01-17.wav,03,01,calm,normal,01,01,17
03-01-02-01-01-02-17.wav,03,01,calm,normal,01,02,17
03-01-02-01-02-01-17.wav,03,01,calm,normal,02,01,17
03-01-02-01-02-02-17.wav,03,01,calm,normal,02,02,17
03-01-02-02-01-01-17.wav,03,01,calm,strong,01,01,17
03-01-02-02-01-02-17.wav,03,01,calm,strong,01,02,17
03-01-02-02-02-01-17.wav,03,01,calm,strong,02,01,17
03-01-02-02-02-02-17.wav,03,01,calm,strong,02,02,17
03-01-03-01-01-01-17.wav,03,01,happy,normal,01,01,17
03-01-03-01-01-02-17.wav,03,01,happy,normal,01,02,17
03-01-03-01-02-01-17.wav,03,01,happy,normal,02,01,17
03-01-03-01-02-02-17.wav,03,01,happy,normal,02,02,17
03-01-03-02-01-01-17.wav,03,01,happy,strong,01,01,17
03-01-03-02-01-02-17.wav,03,01,happy,strong,01,02,17
03-01-03-02-02-01-17.wav,03,01,happy,strong,02,01,17
03-01-03-02-02-02-17.wav,03,01,happy,strong,02,02,17
03-01-04-01-01-01-17.wav,03,01,sad,normal,01,01,17
03-01-04-01-01-02-17.wav,03,01,sad,normal,01,02,17
03-01-04-01-02-01-17.wav,03,01,sad,normal,02,01,17
03-01-04-01-02-02-17.wav,03,01,sad,normal,02,02,17
03-01-04-02-01-01-17.wav,03,01,sad,strong,01,01,17
03-01-04-02-01-02-17.wav,03,01,sad,strong,01,02,17
03-01-04-02-02-01-17.wav,03,01,sad,strong,02,01,17
03-01-04-02-02-02-17.wav,03,01,sad,strong,02,02,17
03-01-05-01-01-01-17.wav,03,01,angry,normal,01,01,17
03-01-05-01-01-02-17.wav,03,01,angry,normal,01,02,17
03-01-05-01-02-01-17.wav,03,01,angry,normal,02,01,17
03-01-05-01-02-02-17.wav,03,01,angry,normal,02,02,17
03-01-05-02-01-01-17.wav,03,01,angry,strong,01,01,17
03-01-05-02-01-02-17.wav,03,01,angry,strong,01,02,17
03-01-05-02-02-01-17.wav,03,01,angry,strong,02,01,17
03-01-05-02-02-02-17.wav,03,01,angry,strong,02,02,17
03-01-06-01-01-01-17.wav,03,01,fearful,normal,01,01,17
03-01-06-01-01-02-17.wav,03,01,fearful,normal,01,02,17
03-01-06-01-02-01-17.wav,03,01,fearful,normal,02,01,17
03-01-06-01-02-02-17.wav,03,01,fearful,normal,02,02,17
03-01-06-02-01-01-17.wav,03,01,fearful,strong,01,01,17
03-01-06-02-01-02-17.wav,03,01,fearful,strong,01,02,17
03-01-06-02-02-01-17.wav,03,01,fearful,strong,02,01,17
03-01-06-02-02-02-17.wav,03,01,fearful,strong,02,02,17
03-01-07-01-01-01-17.wav,03,01,disgust,normal,01,01,17
03-01-07-01-01-02-17.wav,03,01,disgust,normal,01,02,17
03-01-07-01-02-01-17.wav,03,01,disgust,normal,02,01,17
03-01-07-01-02-02-17.wav,03,01,disgust,normal,02,02,17
03-01-07-02-01-01-17.wav,03,01,disgust,strong,01,01,17
03-01-07-02-01-02-17.wav,03,01,disgust,strong,01,02,17
03-01-07-02-02-01-17.wav,03,01,disgust,strong,02,01,17
03-01-07-02-02-02-17.wav,03,01,disgust,strong,02,02,17
03-01-08-01-01-01-17.wav,03,01,surprised,normal,01,01,17
03-01-08-01-01-02-17.wav,03,01,surprised,normal,01,02,17
03-01-08-01-02-01-17.wav,03,01,surprised,normal,02,01,17
03-01-08-01-02-02-17.wav,03,01,surprised,normal,02,02,17
03-01-08-02-01-01-17.wav,03,01,surprised,strong,01,01,17
03-01-08-02-01-02-17.wav,03,01,surprised,strong,01,02,17
03-01-08-02-02-01-17.wav,03,01,surprised,strong,02,01,17
03-01-08-02-02-02-17.wav,03,01,surprised,strong,02,02,17
03-01-01-01-01-01-18.wav,03,01,neutral,normal,01,01,18
03-01-01-01-01-02-18.wav,03,01,neutral,normal,01,02,18
03-01-01-01-02-01-18.wav,03,01,neutral,normal,02,01,18
03-01-01-01-02-02-18.wav,03,01,neutral,normal,02,02,18
03-01-02-01-01-01-18.wav,03,01,calm,normal,01,01,18
03-01-02-01-01-02-18.wav,03,01,calm,normal,01,02,18
03-01-02-01-02-01-18.wav,03,01,calm,normal,02,01,18
03-01-02-01-02-02-18.wav,03,01,calm,normal,02,02,18
03-01-02-02-01-01-18.wav,03,01,calm,strong,01,01,18
03-01-02-02-01-02-18.wav,03,01,calm,strong,01,02,18
03-01-02-02-02-01-18.wav,03,01,calm,strong,02,01,18
03-01-02-02-02-02-18.wav,03,01,calm,strong,02,02,18
03-01-03-01-01-01-18.wav,03,01,happy,normal,01,01,18
03-01-03-01-01-02-18.wav,03,01,happy,normal,01,02,18
03-01-03-01-02-01-18.wav,03,01,happy,normal,02,01,18
03-01-03-01-02-02-18.wav,03,01,happy,normal,02,02,18
03-01-03-02-01-01-18.wav,03,01,happy,strong,01,01,18
03-01-03-02-01-02-18.wav,03,01,happy,strong,01,02,18
03-01-03-02-02-01-18.wav,03,01,happy,strong,02,01,18
03-01-03-02-02-02-18.wav,03,01,happy,strong,02,02,18
03-01-04-01-01-01-18.wav,03,01,sad,normal,01,01,18
03-01-04-01-01-02-18.wav,03,01,sad,normal,01,02,18
03-01-04-01-02-01-18.wav,03,01,sad,normal,02,01,18
03-01-04-01-02-02-18.wav,03,01,sad,normal,02,02,18
03-01-04-02-01-01-18.wav,03,01,sad,strong,01,01,18
03-01-04-02-01-02-18.wav,03,01,sad,strong,01,02,18
03-01-04-02-02-01-18.wav,03,01,sad,strong,02,01,18
03-01-04-02-02-02-18.wav,03,01,sad,strong,02,02,18
03-01-05-01-01-01-18.wav,03,01,angry,normal,01,01,18
03-01-05-01-01-02-18.wav,03,01,angry,normal,01,02,18
03-01-05-01-02-01-18.wav,03,01,angry,normal,02,01,18
03-01-05-01-02-02-18.wav,03,01,angry,normal,02,02,18
03-01-05-02-01-01-18.wav,03,01,angry,strong,01,01,18
03-01-05-02-01-02-18.wav,03,01,angry,strong,01,02,18
03-01-05-02-02-01-18.wav,03,01,angry,strong,02,01,18
03-01-05-02-02-02-18.wav,03,01,angry,strong,02,02,18
03-01-06-01-01-01-18.wav,03,01,fearful,normal,01,01,18
03-01-06-01-01-02-18.wav,03,01,fearful,normal,01,02,18
03-01-06-01-02-01-18.wav,03,01,fearful,normal,02,01,18
03-01-06-01-02-02-18.wav,03,01,fearful,normal,02,02,18
03-01-06-02-01-01-18.wav,03,01,fearful,strong,01,01,18
03-01-06-02-01-02-18.wav,03,01,fearful,strong,01,02,18
03-01-06-02-02-01-18.wav,03,01,fearful,strong,02,01,18
03-01-06-02-02-02-18.wav,03,01,fearful,strong,02,02,18
03-01-07-01-01-01-18.wav,03,01,disgust,normal,01,01,18
03-01-07-01-01-02-18.wav,03,01,disgust,normal,01,02,18
03-01-07-01-02-01-18.wav,03,01,disgust,normal,02,01,18
03-01-07-01-02-02-18.wav,03,01,disgust,normal,02,02,18
03-01-07-02-01-01-18.wav,03,01,disgust,strong,01,01,18
03-01-07-02-01-02-18.wav,03,01,disgust,strong,01,02,18
03-01-07-02-02-01-18.wav,03,01,disgust,strong,02,01,18
03-01-07-02-02-02-18.wav,03,01,disgust,strong,02,02,18
03-01-08-01-01-01-18.wav,03,01,surprised,normal,01,01,18
03-01-08-01-01-02-18.wav,03,01,surprised,normal,01,02,18
03-01-08-01-02-01-18.wav,03,01,surprised,normal,02,01,18
03-01-08-01-02-02-18.wav,03,01,surprised,normal,02,02,18
03-01-08-02-01-01-18.wav,03,01,surprised,strong,01,01,18
03-01-08-02-01-02-18.wav,03,01,surprised,strong,01,02,18
03-01-08-02-02-01-18.wav,03,01,surprised,strong,02,01,18
03-01-08-02-02-02-18.wav,03,01,surprised,strong,02,02,18
03-01-01-01-01-01-19.wav,03,01,neutral,normal,01,01,19
03-01-01-01-01-02-19.wav,03,01,neutral,normal,01,02,19
03-01-01-01-02-01-19.wav,03,01,neutral,normal,02,01,19
03-01-01-01-02-02-19.wav,03,01,neutral,normal,02,02,19
03-01-02-01-01-01-19.wav,03,01,calm,normal,01,01,19
03-01-02-01-01-02-19.wav,03,01,calm,normal,01,02,19
03-01-02-01-02-01-19.wav,03,01,calm,normal,02,01,19
03-01-02-01-02-02-19.wav,03,01,calm,normal,02,02,19
03-01-02-02-01-01-19.wav,03,01,calm,strong,01,01,19
03-01-02-02-01-02-19.wav,03,01,calm,strong,01,02,19
03-01-02-02-02-01-19.wav,03,01,calm,strong,02,01,19
03-01-02-02-02-02-19.wav,03,01,calm,strong,02,02,19
03-01-03-01-01-01-19.wav,03,01,happy,normal,01,01,19
03-01-03-01-01-02-19.wav,03,01,happy,normal,01,02,19
03-01-03-01-02-01-19.wav,03,01,happy,normal,02,01,19
03-01-03-01-02-02-19.wav,03,01,happy,normal,02,02,19
03-01-03-02-01-01-19.wav,03,01,happy,strong,01,01,19
03-01-03-02-01-02-19.wav,03,01,happy,strong,01,02,19
03-01-03-02-02-01-19.wav,03,01,happy,strong,02,01,19
03-01-03-02-02-02-19.wav,03,01,happy,strong,02,02,19
03-01-04-01-01-01-19.wav,03,01,sad,normal,01,01,19
03-01-04-01-01-02-19.wav,03,01,sad,normal,01,02,19
03-01-04-01-02-01-19.wav,03,01,sad,normal,02,01,19
03-01-04-01-02-02-19.wav,03,01,sad,normal,02,02,19
03-01-04-02-01-01-19.wav,03,01,sad,strong,01,01,19
03-01-04-02-01-02-19.wav,03,01,sad,strong,01,02,19
03-01-04-02-02-01-19.wav,03,01,sad,strong,02,01,19
03-01-04-02-02-02-19.wav,03,01,sad,strong,02,02,19
03-01-05-01-01-01-19.wav,03,01,angry,normal,01,01,19
03-01-05-01-01-02-19.wav,03,01,angry,normal,01,02,19
03-01-05-01-02-01-19.wav,03,01,angry,normal,02,01,19
03-01-05-01-02-02-19.wav,03,01,angry,normal,02,02,19
03-01-05-02-01-01-19.wav,03,01,angry,strong,01,01,19
03-01-05-02-01-02-19.wav,03,01,angry,strong,01,02,19
03-01-05-02-02-01-19.wav,03,01,angry,strong,02,01,19
03-01-05-02-02-02-19.wav,03,01,angry,strong,02,02,19
03-01-06-01-01-01-19.wav,03,01,fearful,normal,01,01,19
03-01-06-01-01-02-19.wav,03,01,fearful,normal,01,02,19
03-01-06-01-02-01-19.wav,03,01,fearful,normal,02,01,19
03-01-06-01-02-02-19.wav,03,01,fearful,normal,02,02,19
03-01-06-02-01-01-19.wav,03,01,fearful,strong,01,01,19
03-01-06-02-01-02-19.wav,03,01,fearful,strong,01,02,19
03-01-06-02-02-01-19.wav,03,01,fearful,strong,02,01,19
03-01-06-02-02-02-19.wav,03,01,fearful,strong,02,02,19
03-01-07-01-01-01-19.wav,03,01,disgust,normal,01,01,19
03-01-07-01-01-02-19.wav,03,01,disgust,normal,01,02,19
03-01-07-01-02-01-19.wav,03,01,disgust,normal,02,01,19
03-01-07-01-02-02-19.wav,03,01,disgust,normal,02,02,19
03-01-07-02-01-01-19.wav,03,01,disgust,strong,01,01,19
03-01-07-02-01-02-19.wav,03,01,disgust,strong,01,02,19
03-01-07-02-02-01-19.wav,03,01,disgust,strong,02,01,19
03-01-07-02-02-02-19.wav,03,01,disgust,strong,02,02,19
03-01-08-01-01-01-19.wav,03,01,surprised,normal,01,01,19
03-01-08-01-01-02-19.wav,03,01,surprised,normal,01,02,19
03-01-08-01-02-01-19.wav,03,01,surprised,normal,02,01,19
03-01-08-01-02-02-19.wav,03,01,surprised,normal,02,02,19
03-01-08-02-01-01-19.wav,03,01,surprised,strong,01,01,19
03-01-08-02-01-02-19.wav,03,01,surprised,strong,01,02,19
03-01-08-02-02-01-19.wav,03,01,surprised,strong,02,01,19
03-01-08-02-02-02-19.wav,03,01,surprised,strong,02,02,19
03-01-01-01-01-01-20.wav,03,01,neutral,normal,01,01,20
03-01-01-01-01-02-20.wav,03,01,neutral,normal,01,02,20
03-01-01-01-02-01-20.wav,03,01,neutral,normal,02,01,20
03-01-01-01-02-02-20.wav,03,01,neutral,normal,02,02,20
03-01-02-01-01-01-20.wav,03,01,calm,normal,01,01,20
03-01-02-01-01-02-20.wav,03,01,calm,normal,01,02,20
03-01-02-01-02-01-20.wav,03,01,calm,normal,02,01,20
03-01-02-01-02-02-20.wav,03,01,calm,normal,02,02,20
03-01-02-02-01-01-20.wav,03,01,calm,strong,01,01,20
03-01-02-02-01-02-20.wav,03,01,calm,strong,01,02,20
03-01-02-02-02-01-20.wav,03,01,calm,strong,02,01,20
03-01-02-02-02-02-20.wav,03,01,calm,strong,02,02,20
03-01-03-01-01-01-20.wav,03,01,happy,normal,01,01,20
03-01-03-01-01-02-20.wav,03,01,happy,normal,01,02,20
03-01-03-01-02-01-20.wav,03,01,happy,normal,02,01,20
03-01-03-01-02-02-20.wav,03,01,happy,normal,02,02,20
03-01-03-02-01-01-20.wav,03,01,happy,strong,01,01,20
03-01-03-02-01-02-20.wav,03,01,happy,strong,01,02,20
03-01-03-02-02-01-20.wav,03,01,happy,strong,02,01,20
03-01-03-02-02-02-20.wav,03,01,happy,strong,02,02,20
03-01-04-01-01-01-20.wav,03,01,sad,normal,01,01,20
03-01-04-01-01-02-20.wav,03,01,sad,normal,01,02,20
03-01-04-01-02-01-20.wav,03,01,sad,normal,02,01,20
03-01-04-01-02-02-20.wav,03,01,sad,normal,02,02,20
03-01-04-02-01-01-20.wav,03,01,sad,strong,01,01,20
03-01-04-02-01-02-20.wav,03,01,sad,strong,01,02,20
03-01-04-02-02-01-20.wav,03,01,sad,strong,02,01,20
03-01-04-02-02-02-20.wav,03,01,sad,strong,02,02,20
03-01-05-01-01-01-20.wav,03,01,angry,normal,01,01,20
03-01-05-01-01-02-20.wav,03,01,angry,normal,01,02,20
03-01-05-01-02-01-20.wav,03,01,angry,normal,02,01,20
03-01-05-01-02-02-20.wav,03,01,angry,normal,02,02,20
03-01-05-02-01-01-20.wav,03,01,angry,strong,01,01,20
03-01-05-02-01-02-20.wav,03,01,angry,strong,01,02,20
03-01-05-02-02-01-20.wav,03,01,angry,strong,02,01,20
03-01-05-02-02-02-20.wav,03,01,angry,strong,02,02,20
03-01-06-01-01-01-20.wav,03,01,fearful,normal,01,01,20
03-01-06-01-01-02-20.wav,03,01,fearful,normal,01,02,20
03-01-06-01-02-01-20.wav,03,01,fearful,normal,02,01,20
03-01-06-01-02-02-20.wav,03,01,fearful,normal,02,02,20
03-01-06-02-01-01-20.wav,03,01,fearful,strong,01,01,20
03-01-06-02-01-02-20.wav,03,01,fearful,strong,01,02,20
03-01-06-02-02-01-20.wav,03,01,fearful,strong,02,01,20
03-01-06-02-02-02-20.wav,03,01,fearful,strong,02,02,20
03-01-07-01-01-01-20.wav,03,01,disgust,normal,01,01,20
03-01-07-01-01-02-20.wav,03,01,disgust,normal,01,02,20
03-01-07-01-02-01-20.wav,03,01,disgust,normal,02,01,20
03-01-07-01-02-02-20.wav,03,01,disgust,normal,02,02,20
03-01-07-02-01-01-20.wav,03,01,disgust,strong,01,01,20
03-01-07-02-01-02-20.wav,03,01,disgust,strong,01,02,20
03-01-07-02-02-01-20.wav,03,01,disgust,strong,02,01,20
03-01-07-02-02-02-20.wav,03,01,disgust,strong,02,02,20
03-01-08-01-01-01-20.wav,03,01,surprised,normal,01,01,20
03-01-08-01-01-02-20.wav,03,01,surprised,normal,01,02,20
03-01-08-01-02-01-20.wav,03,01,surprised,normal,02,01,20
03-01-08-01-02-02-20.wav,03,01,surprised,normal,02,02,20
03-01-08-02-01-01-20.wav,03,01,surprised,strong,01,01,20
03-01-08-02-01-02-20.wav,03,01,surprised,strong,01,02,20
03-01-08-02-02-01-20.wav,03,01,surprised,strong,02,01,20
03-01-08-02-02-02-20.wav,03,01,surprised,strong,02,02,20
03-01-01-01-01-01-21.wav,03,01,neutral,normal,01,01,21
03-01-01-01-01-02-21.wav,03,01,neutral,normal,01,02,21
03-01-01-01-02-01-21.wav,03,01,neutral,normal,02,01,21
03-01-01-01-02-02-21.wav,03,01,neutral,normal,02,02,21
03-01-02-01-01-01-21.wav,03,01,calm,normal,01,01,21
03-01-02-01-01-02-21.wav,03,01,calm,normal,01,02,21
03-01-02-01-02-01-21.wav,03,01,calm,normal,02,01,21
03-01-02-01-02-02-21.wav,03,01,calm,normal,02,02,21
03-01-02-02-01-01-21.wav,03,01,calm,strong,01,01,21
03-01-02-02-01-02-21.wav,03,01,calm,strong,01,02,21
03-01-02-02-02-01-21.wav,03,01,calm,strong,02,01,21
03-01-02-02-02-02-21.wav,03,01,calm,strong,02,02,21
03-01-03-01-01-01-21.wav,03,01,happy,normal,01,01,21
03-01-03-01-01-02-21.wav,03,01,happy,normal,01,02,21
03-01-03-01-02-01-21.wav,03,01,happy,normal,02,01,21
03-01-03-01-02-02-21.wav,03,01,happy,normal,02,02,21
03-01-03-02-01-01-21.wav,03,01,happy,strong,01,01,21
03-01-03-02-01-02-21.wav,03,01,happy,strong,01,02,21
03-01-03-02-02-01-21.wav,03,01,happy,strong,02,01,21
03-01-03-02-02-02-21.wav,03,01,happy,strong,02,02,21
03-01-04-01-01-01-21.wav,03,01,sad,normal,01,01,21
03-01-04-01-01-02-21.wav,03,01,sad,normal,01,02,21
03-01-04-01-02-01-21.wav,03,01,sad,normal,02,01,21
03-01-04-01-02-02-21.wav,03,01,sad,normal,02,02,21
03-01-04-02-01-01-21.wav,03,01,sad,strong,01,01,21
03-01-04-02-01-02-21.wav,03,01,sad,strong,01,02,21
03-01-04-02-02-01-21.wav,03,01,sad,strong,02,01,21
03-01-04-02-02-02-21.wav,03,01,sad,strong,02,02,21
03-01-05-01-01-01-21.wav,03,01,angry,normal,01,01,21
03-01-05-01-01-02-21.wav,03,01,angry,normal,01,02,21
03-01-05-01-02-01-21.wav,03,01,angry,normal,02,01,21
03-01-05-01-02-02-21.wav,03,01,angry,normal,02,02,21
03-01-05-02-01-01-21.wav,03,01,angry,strong,01,01,21
03-01-05-02-01-02-21.wav,03,01,angry,strong,01,02,21
03-01-05-02-02-01-21.wav,03,01,angry,strong,02,01,21
03-01-05-02-02-02-21.wav,03,01,angry,strong,02,02,21
03-01-06-01-01-01-21.wav,03,01,fearful,normal,01,01,21
03-01-06-01-01-02-21.wav,03,01,fearful,normal,01,02,21
03-01-06-01-02-01-21.wav,03,01,fearful,normal,02,01,21
03-01-06-01-02-02-21.wav,03,01,fearful,normal,02,02,21
03-01-06-02-01-01-21.wav,03,01,fearful,strong,01,01,21
03-01-06-02-01-02-21.wav,03,01,fearful,strong,01,02,21
03-01-06-02-02-01-21.wav,03,01,fearful,strong,02,01,21
03-01-06-02-02-02-21.wav,03,01,fearful,strong,02,02,21
03-01-07-01-01-01-21.wav,03,01,disgust,normal,01,01,21
03-01-07-01-01-02-21.wav,03,01,disgust,normal,01,02,21
03-01-07-01-02-01-21.wav,03,01,disgust,normal,02,01,21
03-01-07-01-02-02-21.wav,03,01,disgust,normal,02,02,21
03-01-07-02-01-01-21.wav,03,01,disgust,strong,01,01,21
03-01-07-02-01-02-21.wav,03,01,disgust,strong,01,02,21
03-01-07-02-02-01-21.wav,03,01,disgust,strong,02,01,21
03-01-07-02-02-02-21.wav,03,01,disgust,strong,02,02,21
03-01-08-01-01-01-21.wav,03,01,surprised,normal,01,01,21
03-01-08-01-01-02-21.wav,03,01,surprised,normal,01,02,21
03-01-08-01-02-01-21.wav,03,01,surprised,normal,02,01,21
03-01-08-01-02-02-21.wav,03,01,surprised,normal,02,02,21
03-01-08-02-01-01-21.wav,03,01,surprised,strong,01,01,21
03-01-08-02-01-02-21.wav,03,01,surprised,strong,01,02,21
03-01-08-02-02-01-21.wav,03,01,surprised,strong,02,01,21
03-01-08-02-02-02-21.wav,03,01,surprised,strong,02,02,21
03-01-01-01-01-01-22.wav,03,01,neutral,normal,01,01,22
03-01-01-01-01-02-22.wav,03,01,neutral,normal,01,02,22
03-01-01-01-02-01-22.wav,03,01,neutral,normal,02,01,22
03-01-01-01-02-02-22.wav,03,01,neutral,normal,02,02,22
03-01-02-01-01-01-22.wav,03,01,calm,normal,01,01,22
03-01-02-01-01-02-22.wav,03,01,calm,normal,01,02,22
03-01-02-01-02-01-22.wav,03,01,calm,normal,02,01,22
03-01-02-01-02-02-22.wav,03,01,calm,normal,02,02,22
03-01-02-02-01-01-22.wav,03,01,calm,strong,01,01,22
03-01-02-02-01-02-22.wav,03,01,calm,strong,01,02,22
03-01-02-02-02-01-22.wav,03,01,calm,strong,02,01,22
03-01-02-02-02-02-22.wav,03,01,calm,strong,02,02,22
03-01-03-01-01-01-22.wav,03,01,happy,normal,01,01,22
03-01-03-01-01-02-22.wav,03,01,happy,normal,01,02,22
03-01-03-01-02-01-22.wav,03,01,happy,normal,02,01,22
03-01-03-01-02-02-22.wav,03,01,happy,normal,02,02,22
03-01-03-02-01-01-22.wav,03,01,happy,strong,01,01,22
03-01-03-02-01-02-22.wav,03,01,happy,strong,01,02,22
03-01-03-02-02-01-22.wav,03,01,happy,strong,02,01,22
03-01-03-02-02-02-22.wav,03,01,happy,strong,02,02,22
03-01-04-01-01-01-22.wav,03,01,sad,normal,01,01,22
03-01-04-01-01-02-22.wav,03,01,sad,normal,01,02,22
03-01-04-01-02-01-22.wav,03,01,sad,normal,02,01,22
03-01-04-01-02-02-22.wav,03,01,sad,normal,02,02,22
03-01-04-02-01-01-22.wav,03,01,sad,strong,01,01,22
03-01-04-02-01-02-22.wav,03,01,sad,strong,01,02,22
03-01-04-02-02-01-22.wav,03,01,sad,strong,02,01,22
03-01-04-02-02-02-22.wav,03,01,sad,strong,02,02,22
03-01-05-01-01-01-22.wav,03,01,angry,normal,01,01,22
03-01-05-01-01-02-22.wav,03,01,angry,normal,01,02,22
03-01-05-01-02-01-22.wav,03,01,angry,normal,02,01,22
03-01-05-01-02-02-22.wav,03,01,angry,normal,02,02,22
03-01-05-02-01-01-22.wav,03,01,angry,strong,01,01,22
03-01-05-02-01-02-22.wav,03,01,angry,strong,01,02,22
03-01-05-02-02-01-22.wav,03,01,angry,strong,02,01,22
03-01-05-02-02-02-22.wav,03,01,angry,strong,02,02,22
03-01-06-01-01-01-22.wav,03,01,fearful,normal,01,01,22
03-01-06-01-01-02-22.wav,03,01,fearful,normal,01,02,22
03-01-06-01-02-01-22.wav,03,01,fearful,normal,02,01,22
03-01-06-01-02-02-22.wav,03,01,fearful,normal,02,02,22
03-01-06-02-01-01-22.wav,03,01,fearful,strong,01,01,22
03-01-06-02-01-02-22.wav,03,01,fearful,strong,01,02,22
03-01-06-02-02-01-22.wav,03,01,fearful,strong,02,01,22
03-01-06-02-02-02-22.wav,03,01,fearful,strong,02,02,22
03-01-07-01-01-01-22.wav,03,01,disgust,normal,01,01,22
03-01-07-01-01-02-22.wav,03,01,disgust,normal,01,02,22
03-01-07-01-02-01-22.wav,03,01,disgust,normal,02,01,22
03-01-07-01-02-02-22.wav,03,01,disgust,normal,02,02,22
03-01-07-02-01-01-22.wav,03,01,disgust,strong,01,01,22
03-01-07-02-01-02-22.wav,03,01,disgust,strong,01,02,22
03-01-07-02-02-01-22.wav,03,01,disgust,strong,02,01,22
03-01-07-02-02-02-22.wav,03,01,disgust,strong,02,02,22
03-01-08-01-01-01-22.wav,03,01,surprised,normal,01,01,22
03-01-08-01-01-02-22.wav,03,01,surprised,normal,01,02,22
03-01-08-01-02-01-22.wav,03,01,surprised,normal,02,01,22
03-01-08-01-02-02-22.wav,03,01,surprised,normal,02,02,22
03-01-08-02-01-01-22.wav,03,01,surprised,strong,01,01,22
03-01-08-02-01-02-22.wav,03,01,surprised,strong,01,02,22
03-01-08-02-02-01-22.wav,03,01,surprised,strong,02,01,22
03-01-08-02-02-02-22.wav,03,01,surprised,strong,02,02,22
03-01-01-01-01-01-23.wav,03,01,neutral,normal,01,01,23
03-01-01-01-01-02-23.wav,03,01,neutral,normal,01,02,23
03-01-01-01-02-01-23.wav,03,01,neutral,normal,02,01,23
03-01-01-01-02-02-23.wav,03,01,neutral,normal,02,02,23
03-01-02-01-01-01-23.wav,03,01,calm,normal,01,01,23
03-01-02-01-01-02-23.wav,03,01,calm,normal,01,02,23
03-01-02-01-02-01-23.wav,03,01,calm,normal,02,01,23
03-01-02-01-02-02-23.wav,03,01,calm,normal,02,02,23
03-01-02-02-01-01-23.wav,03,01,calm,strong,01,01,23
03-01-02-02-01-02-23.wav,03,01,calm,strong,01,02,23
03-01-02-02-02-01-23.wav,03,01,calm,strong,02,01,23
03-01-02-02-02-02-23.wav,03,01,calm,strong,02,02,23
03-01-03-01-01-01-23.wav,03,01,happy,normal,01,01,23
03-01-03-01-01-02-23.wav,03,01,happy,normal,01,02,23
03-01-03-01-02-01-23.wav,03,01,happy,normal,02,01,23
03-01-03-01-02-02-23.wav,03,01,happy,normal,02,02,23
03-01-03-02-01-01-23.wav,03,01,happy,strong,01,01,23
03-01-03-02-01-02-23.wav,03,01,happy,strong,01,02,23
03-01-03-02-02-01-23.wav,03,01,happy,strong,02,01,23
03-01-03-02-02-02-23.wav,03,01,happy,strong,02,02,23
03-01-04-01-01-01-23.wav,03,01,sad,normal,01,01,23
03-01-04-01-01-02-23.wav,03,01,sad,normal,01,02,23
03-01-04-01-02-01-23.wav,03,01,sad,normal,02,01,23
03-01-04-01-02-02-23.wav,03,01,sad,normal,02,02,23
03-01-04-02-01-01-23.wav,03,01,sad,strong,01,01,23
03-01-04-02-01-02-23.wav,03,01,sad,strong,01,02,23
03-01-04-02-02-01-23.wav,03,01,sad,strong,02,01,23
03-01-04-02-02-02-23.wav,03,01,sad,strong,02,02,23
03-01-05-01-01-01-23.wav,03,01,angry,normal,01,01,23
03-01-05-01-01-02-23.wav,03,01,angry,normal,01,02,23
03-01-05-01-02-01-23.wav,03,01,angry,normal,02,01,23
03-01-05-01-02-02-23.wav,03,01,angry,normal,02,02,23
03-01-05-02-01-01-23.wav,03,01,angry,strong,01,01,23
03-01-05-02-01-02-23.wav,03,01,angry,strong,01,02,23
03-01-05-02-02-01-23.wav,03,01,angry,strong,02,01,23
03-01-05-02-02-02-23.wav,03,01,angry,strong,02,02,23
03-01-06-01-01-01-23.wav,03,01,fearful,normal,01,01,23
03-01-06-01-01-02-23.wav,03,01,fearful,normal,01,02,23
03-01-06-01-02-01-23.wav,03,01,fearful,normal,02,01,23
03-01-06-01-02-02-23.wav,03,01,fearful,normal,02,02,23
03-01-06-02-01-01-23.wav,03,01,fearful,strong,01,01,23
03-01-06-02-01-02-23.wav,03,01,fearful,strong,01,02,23
03-01-06-02-02-01-23.wav,03,01,fearful,strong,02,01,23
03-01-06-02-02-02-23.wav,03,01,fearful,strong,02,02,23
03-01-07-01-01-01-23.wav,03,01,disgust,normal,01,01,23
03-01-07-01-01-02-23.wav,03,01,disgust,normal,01,02,23
03-01-07-01-02-01-23.wav,03,01,disgust,normal,02,01,23
03-01-07-01-02-02-23.wav,03,01,disgust,normal,02,02,23
03-01-07-02-01-01-23.wav,03,01,disgust,strong,01,01,23
03-01-07-02-01-02-23.wav,03,01,disgust,strong,01,02,23
03-01-07-02-02-01-23.wav,03,01,disgust,strong,02,01,23
03-01-07-02-02-02-23.wav,03,01,disgust,strong,02,02,23
03-01-08-01-01-01-23.wav,03,01,surprised,normal,01,01,23
03-01-08-01-01-02-23.wav,03,01,surprised,normal,01,02,23
03-01-08-01-02-01-23.wav,03,01,surprised,normal,02,01,23
03-01-08-01-02-02-23.wav,03,01,surprised,normal,02,02,23
03-01-08-02-01-01-23.wav,03,01,surprised,strong,01,01,23
03-01-08-02-01-02-23.wav,03,01,surprised,strong,01,02,23
03-01-08-02-02-01-23.wav,03,01,surprised,strong,02,01,23
03-01-08-02-02-02-23.wav,03,01,surprised,strong,02,02,23
03-01-01-01-01-01-24.wav,03,01,neutral,normal,01,01,24
03-01-01-01-01-02-24.wav,03,01,neutral,normal,01,02,24
03-01-01-01-02-01-24.wav,03,01,neutral,normal,02,01,24
03-01-01-01-02-02-24.wav,03,01,neutral,normal,02,02,24
03-01-02-01-01-01-24.wav,03,01,calm,normal,01,01,24
03-01-02-01-01-02-24.wav,03,01,calm,normal,01,02,24
03-01-02-01-02-01-24.wav,03,01,calm,normal,02,01,24
03-01-02-01-02-02-24.wav,03,01,calm,normal,02,02,24
03-01-02-02-01-01-24.wav,03,01,calm,strong,01,01,24
03-01-02-02-01-02-24.wav,03,01,calm,strong,01,02,24
03-01-02-02-02-01-24.wav,03,01,calm,strong,02,01,24
03-01-02-02-02-02-24.wav,03,01,calm,strong,02,02,24
03-01-03-01-01-01-24.wav,03,01,happy,normal,01,01,24
03-01-03-01-01-02-24.wav,03,01,happy,normal,01,02,24
03-01-03-01-02-01-24.wav,03,01,happy,normal,02,01,24
03-01-03-01-02-02-24.wav,03,01,happy,normal,02,02,24
03-01-03-02-01-01-24.wav,03,01,happy,strong,01,01,24
03-01-03-02-01-02-24.wav,03,01,happy,strong,01,02,24
03-01-03-02-02-01-24.wav,03,01,happy,strong,02,01,24
03-01-03-02-02-02-24.wav,03,01,happy,strong,02,02,24
03-01-04-01-01-01-24.wav,03,01,sad,normal,01,01,24
03-01-04-01-01-02-24.wav,03,01,sad,normal,01,02,24
03-01-04-01-02-01-24.wav,03,01,sad,normal,02,01,24
03-01-04-01-02-02-24.wav,03,01,sad,normal,02,02,24
03-01-04-02-01-01-24.wav,03,01,sad,strong,01,01,24
03-01-04-02-01-02-24.wav,03,01,sad,strong,01,02,24
03-01-04-02-02-01-24.wav,03,01,sad,strong,02,01,24
03-01-04-02-02-02-24.wav,03,01,sad,strong,02,02,24
03-01-05-01-01-01-24.wav,03,01,angry,normal,01,01,24
03-01-05-01-01-02-24.wav,03,01,angry,normal,01,02,24
03-01-05-01-02-01-24.wav,03,01,angry,normal,02,01,24
03-01-05-01-02-02-24.wav,03,01,angry,normal,02,02,24
03-01-05-02-01-01-24.wav,03,01,angry,strong,01,01,24
03-01-05-02-01-02-24.wav,03,01,angry,strong,01,02,24
03-01-05-02-02-01-24.wav,03,01,angry,strong,02,01,24
03-01-05-02-02-02-24.wav,03,01,angry,strong,02,02,24
03-01-06-01-01-01-24.wav,03,01,fearful,normal,01,01,24
03-01-06-01-01-02-24.wav,03,01,fearful,normal,01,02,24
03-01-06-01-02-01-24.wav,03,01,fearful,normal,02,01,24
03-01-06-01-02-02-24.wav,03,01,fearful,normal,02,02,24
03-01-06-02-01-01-24.wav,03,01,fearful,strong,01,01,24
03-01-06-02-01-02-24.wav,03,01,fearful,strong,01,02,24
03-01-06-02-02-01-24.wav,03,01,fearful,strong,02,01,24
03-01-06-02-02-02-24.wav,03,01,fearful,strong,02,02,24
03-01-07-01-01-01-24.wav,03,01,disgust,normal,01,01,24
03-01-07-01-01-02-24.wav,03,01,disgust,normal,01,02,24
03-01-07-01-02-01-24.wav,03,01,disgust,normal,02,01,24
03-01-07-01-02-02-24.wav,03,01,disgust,normal,02,02,24
03-01-07-02-01-01-24.wav,03,01,disgust,strong,01,01,24
03-01-07-02-01-02-24.wav,03,01,disgust,strong,01,02,24
03-01-07-02-02-01-24.wav,03,01,disgust,strong,02,01,24
03-01-07-02-02-02-24.wav,03,01,disgust,strong,02,02,24
03-01-08-01-01-01-24.wav,03,01,surprised,normal,01,01,24
03-01-08-01-01-02-24.wav,03,01,surprised,normal,01,02,24
03-01-08-01-02-01-24.wav,03,01,surprised,normal,02,01,24
03-01-08-01-02-02-24.wav,03,01,surprised,normal,02,02,24
03-01-08-02-01-01-24.wav,03,01,surprised,strong,01,01,24
03-01-08-02-01-02-24.wav,03,01,surprised,strong,01,02,24
03-01-08-02-02-01-24.wav,03,01,surprised,strong,02,01,24
03-01-08-02-02-02-24.wav,03,01,surprised,strong,02,02,24
